/*
 Navicat Premium Dump SQL

 Source Server         : localhost
 Source Server Type    : MySQL
 Source Server Version : 80041 (8.0.41)
 Source Host           : localhost:3306
 Source Schema         : yanluwuyou

 Target Server Type    : MySQL
 Target Server Version : 80041 (8.0.41)
 File Encoding         : 65001

 Date: 12/12/2025 15:15:39
*/

SET NAMES utf8mb4;
SET FOREIGN_KEY_CHECKS = 0;

-- ----------------------------
-- Table structure for address
-- ----------------------------
DROP TABLE IF EXISTS `address`;
CREATE TABLE `address`  (
  `id` bigint NOT NULL AUTO_INCREMENT,
  `user_id` bigint NOT NULL,
  `receiver_name` varchar(64) CHARACTER SET utf8mb4 COLLATE utf8mb4_0900_ai_ci NOT NULL,
  `receiver_phone` varchar(20) CHARACTER SET utf8mb4 COLLATE utf8mb4_0900_ai_ci NOT NULL,
  `province` varchar(50) CHARACTER SET utf8mb4 COLLATE utf8mb4_0900_ai_ci NULL DEFAULT NULL,
  `city` varchar(50) CHARACTER SET utf8mb4 COLLATE utf8mb4_0900_ai_ci NULL DEFAULT NULL,
  `district` varchar(50) CHARACTER SET utf8mb4 COLLATE utf8mb4_0900_ai_ci NULL DEFAULT NULL,
  `detail_address` varchar(255) CHARACTER SET utf8mb4 COLLATE utf8mb4_0900_ai_ci NOT NULL,
  `is_default` tinyint(1) NULL DEFAULT 0,
  `create_time` datetime NULL DEFAULT CURRENT_TIMESTAMP,
  `update_time` datetime NULL DEFAULT CURRENT_TIMESTAMP ON UPDATE CURRENT_TIMESTAMP,
  `deleted` tinyint(1) NULL DEFAULT 0,
  PRIMARY KEY (`id`) USING BTREE
) ENGINE = InnoDB AUTO_INCREMENT = 4 CHARACTER SET = utf8mb4 COLLATE = utf8mb4_0900_ai_ci COMMENT = 'Shipping Address' ROW_FORMAT = Dynamic;

-- ----------------------------
-- Records of address
-- ----------------------------
INSERT INTO `address` VALUES (1, 2, '考研小白', '13900139001', '北京市', '北京市', '海淀区', '学院路30号', 1, '2025-12-11 11:18:30', '2025-12-11 11:18:30', 0);
INSERT INTO `address` VALUES (2, 3, '学霸张三', '13900139002', '上海市', '上海市', '杨浦区', '邯郸路220号', 1, '2025-12-11 11:18:30', '2025-12-11 11:18:30', 0);
INSERT INTO `address` VALUES (3, 5, '', '', '', '', '', '', 1, NULL, '2025-12-11 12:29:19', 0);

-- ----------------------------
-- Table structure for favorite
-- ----------------------------
DROP TABLE IF EXISTS `favorite`;
CREATE TABLE `favorite`  (
  `id` bigint NOT NULL AUTO_INCREMENT,
  `user_id` bigint NOT NULL,
  `target_type` int NOT NULL COMMENT '1: NEWS, 2: GUIDE, 3: MATERIAL',
  `target_id` bigint NOT NULL,
  `target_title` varchar(255) CHARACTER SET utf8mb4 COLLATE utf8mb4_0900_ai_ci NULL DEFAULT NULL,
  `target_cover` varchar(255) CHARACTER SET utf8mb4 COLLATE utf8mb4_0900_ai_ci NULL DEFAULT NULL,
  `create_time` datetime NULL DEFAULT CURRENT_TIMESTAMP,
  `update_time` datetime NULL DEFAULT CURRENT_TIMESTAMP ON UPDATE CURRENT_TIMESTAMP,
  `deleted` tinyint(1) NULL DEFAULT 0,
  PRIMARY KEY (`id`) USING BTREE,
  UNIQUE INDEX `uk_user_target`(`user_id` ASC, `target_type` ASC, `target_id` ASC) USING BTREE
) ENGINE = InnoDB AUTO_INCREMENT = 5 CHARACTER SET = utf8mb4 COLLATE = utf8mb4_0900_ai_ci COMMENT = 'Favorites' ROW_FORMAT = Dynamic;

-- ----------------------------
-- Records of favorite
-- ----------------------------
INSERT INTO `favorite` VALUES (1, 2, 1, 1, '2025年全国硕士研究生招生考试公告', 'https://placeholder.co/300x200', '2025-12-11 11:18:30', '2025-12-11 11:18:30', 0);
INSERT INTO `favorite` VALUES (2, 2, 3, 2, '计算机网络考研复习笔记', 'https://placeholder.co/200', '2025-12-11 11:18:30', '2025-12-11 11:18:30', 0);
INSERT INTO `favorite` VALUES (3, 5, 1, 1, '2025年全国硕士研究生招生考试公告', 'https://placeholder.co/300x200', NULL, NULL, 0);
INSERT INTO `favorite` VALUES (4, 1, 3, 6, '1', '', NULL, NULL, 0);

-- ----------------------------
-- Table structure for feedback
-- ----------------------------
DROP TABLE IF EXISTS `feedback`;
CREATE TABLE `feedback`  (
  `id` bigint NOT NULL AUTO_INCREMENT,
  `user_id` bigint NOT NULL,
  `content` text CHARACTER SET utf8mb4 COLLATE utf8mb4_0900_ai_ci NOT NULL,
  `reply` text CHARACTER SET utf8mb4 COLLATE utf8mb4_0900_ai_ci NULL,
  `status` int NULL DEFAULT 0 COMMENT '0: Pending, 1: Replied',
  `reply_time` datetime NULL DEFAULT NULL,
  `create_time` datetime NULL DEFAULT CURRENT_TIMESTAMP,
  `update_time` datetime NULL DEFAULT CURRENT_TIMESTAMP ON UPDATE CURRENT_TIMESTAMP,
  `deleted` tinyint(1) NULL DEFAULT 0,
  PRIMARY KEY (`id`) USING BTREE
) ENGINE = InnoDB AUTO_INCREMENT = 5 CHARACTER SET = utf8mb4 COLLATE = utf8mb4_0900_ai_ci COMMENT = 'User Feedback' ROW_FORMAT = Dynamic;

-- ----------------------------
-- Records of feedback
-- ----------------------------
INSERT INTO `feedback` VALUES (1, 2, '建议增加夜间模式，晚上看太亮了。', '1', 1, '2025-12-11 17:01:22', '2025-12-11 11:18:30', '2025-12-11 11:18:30', 0);
INSERT INTO `feedback` VALUES (2, 3, '支付页面有时候会卡顿。', '收到，我们会尽快优化。', 1, '2025-12-11 11:18:30', '2025-12-11 11:18:30', '2025-12-11 11:18:30', 0);
INSERT INTO `feedback` VALUES (3, 5, '1', NULL, 0, NULL, NULL, NULL, 0);
INSERT INTO `feedback` VALUES (4, 3, '1', '1', 1, '2025-12-11 17:01:32', NULL, NULL, 0);

-- ----------------------------
-- Table structure for sys_user
-- ----------------------------
DROP TABLE IF EXISTS `sys_user`;
CREATE TABLE `sys_user`  (
  `id` bigint NOT NULL AUTO_INCREMENT,
  `username` varchar(64) CHARACTER SET utf8mb4 COLLATE utf8mb4_0900_ai_ci NOT NULL COMMENT 'Username',
  `password` varchar(128) CHARACTER SET utf8mb4 COLLATE utf8mb4_0900_ai_ci NOT NULL COMMENT 'Password',
  `nickname` varchar(64) CHARACTER SET utf8mb4 COLLATE utf8mb4_0900_ai_ci NULL DEFAULT NULL COMMENT 'Nickname',
  `email` varchar(64) CHARACTER SET utf8mb4 COLLATE utf8mb4_0900_ai_ci NULL DEFAULT NULL,
  `phone` varchar(20) CHARACTER SET utf8mb4 COLLATE utf8mb4_0900_ai_ci NULL DEFAULT NULL,
  `avatar` varchar(255) CHARACTER SET utf8mb4 COLLATE utf8mb4_0900_ai_ci NULL DEFAULT NULL,
  `role` varchar(20) CHARACTER SET utf8mb4 COLLATE utf8mb4_0900_ai_ci NOT NULL DEFAULT 'STUDENT' COMMENT 'Role: STUDENT, OPERATOR, ADMIN',
  `create_time` datetime NULL DEFAULT CURRENT_TIMESTAMP,
  `update_time` datetime NULL DEFAULT CURRENT_TIMESTAMP ON UPDATE CURRENT_TIMESTAMP,
  `deleted` tinyint(1) NULL DEFAULT 0 COMMENT 'Logical Delete',
  PRIMARY KEY (`id`) USING BTREE,
  UNIQUE INDEX `uk_username`(`username` ASC) USING BTREE
) ENGINE = InnoDB AUTO_INCREMENT = 6 CHARACTER SET = utf8mb4 COLLATE = utf8mb4_0900_ai_ci COMMENT = 'User Table' ROW_FORMAT = Dynamic;

-- ----------------------------
-- Records of sys_user
-- ----------------------------
INSERT INTO `sys_user` VALUES (1, 'admin', '123456', '系统管理员', 'admin@yanlu.com', '13800138000', 'https://placeholder.co/100', 'ADMIN', '2025-12-11 11:18:30', '2025-12-11 11:18:30', 0);
INSERT INTO `sys_user` VALUES (2, 'operator01', '123456', '运营人员', 'operator01@yanlu.com', '13900139001', 'https://placeholder.co/100', 'OPERATOR', '2025-12-11 11:18:30', '2025-12-11 11:18:30', 0);
INSERT INTO `sys_user` VALUES (3, 'user01', '123456', '考研小白', 'user01@yanlu.com', '13900139002', 'https://placeholder.co/100', 'STUDENT', '2025-12-11 11:18:30', '2025-12-11 11:18:30', 0);
INSERT INTO `sys_user` VALUES (4, 'user02', '123456', '学霸张三', 'user02@yanlu.com', '13900139003', 'https://placeholder.co/100', 'STUDENT', '2025-12-11 11:18:30', '2025-12-11 11:18:30', 0);
INSERT INTO `sys_user` VALUES (5, 'test_user_485eede3', '482c811da5d5b4bc6d497ffa98491e38', 'Test User', 'test@example.com', '13800000000', NULL, 'STUDENT', NULL, NULL, 0);

-- ----------------------------
-- Table structure for yl_cart_item
-- ----------------------------
DROP TABLE IF EXISTS `yl_cart_item`;
CREATE TABLE `yl_cart_item`  (
  `id` bigint NOT NULL AUTO_INCREMENT,
  `user_id` bigint NULL DEFAULT NULL COMMENT '用户ID',
  `material_id` bigint NULL DEFAULT NULL COMMENT '资料ID',
  `quantity` int NULL DEFAULT NULL COMMENT '数量',
  `create_time` datetime NULL DEFAULT CURRENT_TIMESTAMP,
  `update_time` datetime NULL DEFAULT CURRENT_TIMESTAMP ON UPDATE CURRENT_TIMESTAMP,
  `deleted` tinyint(1) NULL DEFAULT 0,
  PRIMARY KEY (`id`) USING BTREE
) ENGINE = InnoDB AUTO_INCREMENT = 2 CHARACTER SET = utf8mb4 COLLATE = utf8mb4_0900_ai_ci COMMENT = '购物车项' ROW_FORMAT = Dynamic;

-- ----------------------------
-- Records of yl_cart_item
-- ----------------------------
INSERT INTO `yl_cart_item` VALUES (1, 5, 1, 1, NULL, NULL, 0);

-- ----------------------------
-- Table structure for yl_comment
-- ----------------------------
DROP TABLE IF EXISTS `yl_comment`;
CREATE TABLE `yl_comment`  (
  `id` bigint NOT NULL AUTO_INCREMENT,
  `post_id` bigint NULL DEFAULT NULL COMMENT '帖子ID',
  `content` text CHARACTER SET utf8mb4 COLLATE utf8mb4_0900_ai_ci NULL COMMENT '内容',
  `user_id` bigint NULL DEFAULT NULL COMMENT '用户ID',
  `nickname` varchar(64) CHARACTER SET utf8mb4 COLLATE utf8mb4_0900_ai_ci NULL DEFAULT NULL COMMENT '用户昵称',
  `avatar` varchar(255) CHARACTER SET utf8mb4 COLLATE utf8mb4_0900_ai_ci NULL DEFAULT NULL COMMENT '用户头像',
  `create_time` datetime NULL DEFAULT CURRENT_TIMESTAMP,
  `update_time` datetime NULL DEFAULT CURRENT_TIMESTAMP ON UPDATE CURRENT_TIMESTAMP,
  `deleted` tinyint(1) NULL DEFAULT 0,
  `target_type` int NULL DEFAULT 1 COMMENT '目标类型: 1-帖子, 2-指南',
  `target_id` bigint NULL DEFAULT NULL COMMENT '目标ID',
  `parent_id` bigint NULL DEFAULT NULL COMMENT '父评论ID',
  `reply_to_user_id` bigint NULL DEFAULT NULL COMMENT '被回复用户ID',
  `reply_to_nickname` varchar(50) CHARACTER SET utf8mb4 COLLATE utf8mb4_0900_ai_ci NULL DEFAULT NULL COMMENT '被回复用户昵称',
  PRIMARY KEY (`id`) USING BTREE
) ENGINE = InnoDB AUTO_INCREMENT = 24 CHARACTER SET = utf8mb4 COLLATE = utf8mb4_0900_ai_ci COMMENT = '评论' ROW_FORMAT = Dynamic;

-- ----------------------------
-- Records of yl_comment
-- ----------------------------
INSERT INTO `yl_comment` VALUES (1, 1, '专硕一般考英语二，学硕考英语一，具体看学校招生简章。', 3, '学霸张三', 'https://placeholder.co/100', '2025-12-11 11:18:30', '2025-12-11 16:16:29', 0, 1, 1, NULL, NULL, NULL);
INSERT INTO `yl_comment` VALUES (2, 1, '英语二相对简单一些。', 3, '学霸张三', 'https://placeholder.co/100', '2025-12-11 11:18:30', '2025-12-11 16:16:29', 0, 1, 1, NULL, NULL, NULL);
INSERT INTO `yl_comment` VALUES (3, 2, '恭喜楼主上岸！沾沾喜气！', 2, '考研小白', 'https://placeholder.co/100', '2025-12-11 11:18:30', '2025-12-11 16:16:29', 0, 1, 2, NULL, NULL, NULL);
INSERT INTO `yl_comment` VALUES (4, 2, '感谢分享，很有用！', 1, '系统管理员', 'https://placeholder.co/100', '2025-12-11 11:18:30', NULL, 1, 1, 2, NULL, NULL, NULL);
INSERT INTO `yl_comment` VALUES (5, 3, '我是考清华的，加油！', 3, '学霸张三', 'https://placeholder.co/100', '2025-12-11 11:18:30', '2025-12-11 16:16:29', 0, 1, 3, NULL, NULL, NULL);
INSERT INTO `yl_comment` VALUES (6, 1, '1', 2, '考研小白', 'https://placeholder.co/100', NULL, '2025-12-11 16:16:29', 0, 1, 1, NULL, NULL, NULL);
INSERT INTO `yl_comment` VALUES (7, NULL, '1', 1, '系统管理员', 'https://placeholder.co/100', NULL, NULL, 1, 2, 1, NULL, NULL, NULL);
INSERT INTO `yl_comment` VALUES (8, NULL, '回复 @系统管理员 2', 1, '系统管理员', 'https://placeholder.co/100', NULL, NULL, 1, 2, 1, 7, 1, '系统管理员');
INSERT INTO `yl_comment` VALUES (9, NULL, '3', 1, '系统管理员', 'https://placeholder.co/100', NULL, NULL, 1, 2, 1, 7, 1, '系统管理员');
INSERT INTO `yl_comment` VALUES (10, NULL, '2', 1, '系统管理员', 'https://placeholder.co/100', NULL, NULL, 1, 2, 1, NULL, NULL, NULL);
INSERT INTO `yl_comment` VALUES (11, 1, '1', 1, '系统管理员', 'https://placeholder.co/100', NULL, NULL, 0, 1, 1, 1, 3, '学霸张三');
INSERT INTO `yl_comment` VALUES (12, 4, '1', 1, '系统管理员', 'https://placeholder.co/100', NULL, NULL, 0, 1, 4, 0, NULL, NULL);
INSERT INTO `yl_comment` VALUES (13, 4, '2', 1, '系统管理员', 'https://placeholder.co/100', NULL, NULL, 0, 1, 4, 12, 1, '系统管理员');
INSERT INTO `yl_comment` VALUES (14, 2, '1', 3, '学霸张三', 'https://placeholder.co/100', NULL, NULL, 1, 1, 2, 3, 2, '考研小白');
INSERT INTO `yl_comment` VALUES (15, NULL, '1', 1, '系统管理员', 'https://placeholder.co/100', NULL, NULL, 0, 2, 2, NULL, NULL, NULL);
INSERT INTO `yl_comment` VALUES (16, NULL, '回复 @系统管理员 2', 1, '系统管理员', 'https://placeholder.co/100', NULL, NULL, 1, 2, 2, 15, 1, '系统管理员');
INSERT INTO `yl_comment` VALUES (17, NULL, '回复 @系统管理员 3', 1, '系统管理员', 'https://placeholder.co/100', NULL, NULL, 1, 2, 1, 7, 1, '系统管理员');
INSERT INTO `yl_comment` VALUES (18, NULL, '1', 3, '学霸张三', 'https://placeholder.co/100', NULL, NULL, 0, 3, 1, NULL, NULL, NULL);
INSERT INTO `yl_comment` VALUES (19, NULL, '2', 3, '学霸张三', 'https://placeholder.co/100', NULL, NULL, 0, 3, 1, 18, 3, '学霸张三');
INSERT INTO `yl_comment` VALUES (20, NULL, '3', 3, '学霸张三', 'https://placeholder.co/100', NULL, NULL, 1, 3, 1, 18, 3, '学霸张三');
INSERT INTO `yl_comment` VALUES (21, NULL, '1', 3, '学霸张三', 'https://placeholder.co/100', NULL, NULL, 0, 3, 6, NULL, NULL, NULL);
INSERT INTO `yl_comment` VALUES (22, NULL, '231312', 3, '学霸张三', 'https://placeholder.co/100', NULL, NULL, 1, 2, 2, NULL, NULL, NULL);
INSERT INTO `yl_comment` VALUES (23, NULL, '1443', 3, '学霸张三', 'https://placeholder.co/100', NULL, NULL, 0, 2, 2, 15, 1, '系统管理员');

-- ----------------------------
-- Table structure for yl_guide
-- ----------------------------
DROP TABLE IF EXISTS `yl_guide`;
CREATE TABLE `yl_guide`  (
  `id` bigint NOT NULL AUTO_INCREMENT,
  `title` varchar(255) CHARACTER SET utf8mb4 COLLATE utf8mb4_0900_ai_ci NOT NULL,
  `content` longtext CHARACTER SET utf8mb4 COLLATE utf8mb4_0900_ai_ci NULL,
  `category` varchar(50) CHARACTER SET utf8mb4 COLLATE utf8mb4_0900_ai_ci NULL DEFAULT NULL COMMENT '分类',
  `cover_img` varchar(255) CHARACTER SET utf8mb4 COLLATE utf8mb4_0900_ai_ci NULL DEFAULT NULL,
  `view_count` int NULL DEFAULT 0,
  `status` tinyint NULL DEFAULT 1,
  `create_time` datetime NULL DEFAULT CURRENT_TIMESTAMP,
  `update_time` datetime NULL DEFAULT CURRENT_TIMESTAMP ON UPDATE CURRENT_TIMESTAMP,
  `deleted` tinyint(1) NULL DEFAULT 0,
  `institution` varchar(100) CHARACTER SET utf8mb4 COLLATE utf8mb4_0900_ai_ci NULL DEFAULT NULL COMMENT '报考院校',
  `major` varchar(100) CHARACTER SET utf8mb4 COLLATE utf8mb4_0900_ai_ci NULL DEFAULT NULL COMMENT '报考专业',
  `comment_count` int NULL DEFAULT 0 COMMENT '评论数',
  PRIMARY KEY (`id`) USING BTREE
) ENGINE = InnoDB AUTO_INCREMENT = 65 CHARACTER SET = utf8mb4 COLLATE = utf8mb4_0900_ai_ci COMMENT = 'Admission Guides' ROW_FORMAT = Dynamic;

-- ----------------------------
-- Records of yl_guide
-- ----------------------------
INSERT INTO `yl_guide` VALUES (1, '北京大学计算机学院2025年招生专业目录', '北京大学计算机学院2025年拟招收...', 'zhuanyemulu', 'https://placeholder.co/300x200', 214, 1, '2025-12-11 11:18:30', '2025-12-11 11:18:30', 0, NULL, NULL, 0);
INSERT INTO `yl_guide` VALUES (2, '清华大学软件学院复试细则', '清华大学软件学院复试包括机试...', 'fushixize', 'https://placeholder.co/300x200', 155, 1, '2025-12-11 11:18:30', '2025-12-11 11:18:30', 0, NULL, NULL, 1);
INSERT INTO `yl_guide` VALUES (3, '复旦大学金融专硕考试大纲', '考试科目包括金融学综合...', 'kaoshidagang', 'https://placeholder.co/300x200', 122, 1, '2025-12-11 11:18:30', '2025-12-11 11:18:30', 0, NULL, NULL, 0);
INSERT INTO `yl_guide` VALUES (4, '上海交通大学电子信息招生简章', '上海交通大学电子信息学院...', 'zhaoshengjianzhang', 'https://placeholder.co/300x200', 184, 1, '2025-12-11 11:18:30', '2025-12-11 11:18:30', 0, NULL, NULL, 0);
INSERT INTO `yl_guide` VALUES (25, '上海交通大学心理学院（含精神卫生中心2026年硕士招生专业目录', '<h1>上海交通大学心理学院（含精神卫生中心2026年硕士招生专业目录</h1>\n<div class=\"time\" style=\"margin-top:5px;margin-bottom:10px;\">\n <a href=\"/info/list/ClassID/52.shtml\" target=\"_blank\" title=\"更多专业目录相关内容列表\">专业目录</a> 来源：上海交通大学研究生招生网 2025-12-11　 相关院校：<a href=\"/graduate/grad/schoolID/4.shtml\" title=\"上海交通大学研究生院\" target=\"_blank\"><b>上海交通大学</b></a>\n</div>\n<div style=\"margin-top:10px;margin-bottom:0px;\">\n <div class=\"_4ezfie18m8i\"></div>\n</div>\n<div class=\"cont\" style=\"margin-top:5px;\">\n <ul>\n  <li><a rel=\"nofollow\" href=\"https://dl.koolearn.com/sXmT92X\" target=\"_blank\"><font color=\"#ff0000\">2026考研英语全程班 6班 </font></a></li>\n  <li><a rel=\"nofollow\" href=\"https://tgc.orangevip.com/releasehtml/index756.html?jt_site_id=32431&amp;source=0\" target=\"_blank\"><font color=\"#ff0000\">26考研全科上岸规划营「择校&#x25aa;规划&#x25aa;备考」</font></a></li>\n  <li><a href=\"/note/SchoolShow/id/4.shtml\" target=\"_blank\" title=\"上海交通大学考研资料\"><font color=\"#ff0000\">上海交通大学2026考研专业课复习资料「真题&#x25aa;笔记&#x25aa;讲义&#x25aa;题库」</font></a></li>\n </ul>\n</div>\n<div class=\"hr20\"></div>\n<div>\n <a target=\"_blank\" rel=\"nofollow\" href=\"https://mp.weixin.qq.com/s/S3jtisbmi-ZA0YDLDZKJCg\"><img src=\"https://download.chinakaoyan.com/wwwfile/2025/ke/20250808171711.png\"></a>\n</div>\n<div class=\"cont\" style=\"margin-top:-5px;margin-bottom:5px;\">\n 　\n <p>从上海交通大学研究生招生网获悉，上海交通大学2026年硕士研究生招生专业目录已发布，如下：</p>\n <table border=\"1\" width=\"98%\">\n  <tbody>\n   <tr>\n    <td><strong>院系代码名称</strong></td>\n    <td><strong>招生计划</strong></td>\n    <td><strong>专业代码名称</strong></td>\n    <td><strong>学位类型</strong></td>\n    <td><strong>研究方向</strong></td>\n    <td><strong>学习方式</strong></td>\n    <td><strong>考试科目</strong></td>\n    <td><strong>备注</strong></td>\n   </tr>\n   <tr>\n    <td rowspan=\"3\">541心理学院（含精神卫生中心）</td>\n    <td rowspan=\"3\">总招生计划：115，全日制学术学位15，全日制专业学位20，非全日制专业学位80。 其中全日制推免生招生计划20</td>\n    <td>040200心理学</td>\n    <td>学术学位</td>\n    <td>01不区分方向</td>\n    <td>(1)全日制</td>\n    <td>①101思想政治理论②201英语（一）③312心理学专业基础④--无</td>\n    <td>&nbsp;</td>\n   </tr>\n   <tr>\n    <td rowspan=\"2\">045400应用心理</td>\n    <td rowspan=\"2\">专业学位</td>\n    <td>01不区分方向</td>\n    <td>(1)全日制</td>\n    <td>①101思想政治理论②204英语（二）③347心理学专业综合④--无</td>\n    <td>&nbsp;</td>\n   </tr>\n   <tr>\n    <td>02不区分方向，在职学习。</td>\n    <td>(2)非全日制</td>\n    <td>①101思想政治理论②204英语（二）③347心理学专业综合④--无</td>\n    <td>&nbsp;</td>\n   </tr>\n  </tbody>\n </table>\n <p>&nbsp;</p>\n</div>', 'zhuanyemulu', NULL, 0, 1, '2025-12-12 15:04:38', NULL, 0, '上海交通大学', '不限', 0);
INSERT INTO `yl_guide` VALUES (26, '上海交通大学人工智能学院2026年硕士招生专业目录', '<h1>上海交通大学人工智能学院2026年硕士招生专业目录</h1>\n<div class=\"time\" style=\"margin-top:5px;margin-bottom:10px;\">\n <a href=\"/info/list/ClassID/52.shtml\" target=\"_blank\" title=\"更多专业目录相关内容列表\">专业目录</a> 来源：上海交通大学研究生招生网 2025-12-11　 相关院校：<a href=\"/graduate/grad/schoolID/4.shtml\" title=\"上海交通大学研究生院\" target=\"_blank\"><b>上海交通大学</b></a>\n</div>\n<div style=\"margin-top:10px;margin-bottom:0px;\">\n <div class=\"_4ezfie18m8i\"></div>\n</div>\n<div class=\"cont\" style=\"margin-top:5px;\">\n <ul>\n  <li><a rel=\"nofollow\" href=\"https://dl.koolearn.com/sXmT92X\" target=\"_blank\"><font color=\"#ff0000\">2026考研英语全程班 6班 </font></a></li>\n  <li><a rel=\"nofollow\" href=\"https://tgc.orangevip.com/releasehtml/index756.html?jt_site_id=32431&amp;source=0\" target=\"_blank\"><font color=\"#ff0000\">26考研全科上岸规划营「择校&#x25aa;规划&#x25aa;备考」</font></a></li>\n  <li><a href=\"/note/SchoolShow/id/4.shtml\" target=\"_blank\" title=\"上海交通大学考研资料\"><font color=\"#ff0000\">上海交通大学2026考研专业课复习资料「真题&#x25aa;笔记&#x25aa;讲义&#x25aa;题库」</font></a></li>\n </ul>\n</div>\n<div class=\"hr20\"></div>\n<div>\n <a target=\"_blank\" rel=\"nofollow\" href=\"https://mp.weixin.qq.com/s/S3jtisbmi-ZA0YDLDZKJCg\"><img src=\"https://download.chinakaoyan.com/wwwfile/2025/ke/20250808171711.png\"></a>\n</div>\n<div class=\"cont\" style=\"margin-top:-5px;margin-bottom:5px;\">\n 　\n <p>从上海交通大学研究生招生网获悉，上海交通大学2026年硕士研究生招生专业目录已发布，如下：</p>\n <table border=\"1\" width=\"98%\">\n  <tbody>\n   <tr>\n    <td><strong>院系代码名称</strong></td>\n    <td><strong>招生计划</strong></td>\n    <td><strong>专业代码名称</strong></td>\n    <td><strong>学位类型</strong></td>\n    <td><strong>研究方向</strong></td>\n    <td><strong>学习方式</strong></td>\n    <td><strong>考试科目</strong></td>\n    <td><strong>备注</strong></td>\n   </tr>\n   <tr>\n    <td rowspan=\"2\">531人工智能学院</td>\n    <td rowspan=\"2\">总招生计划：45，全日制学术学位15，全日制专业学位30。 其中全日制推免生招生计划25</td>\n    <td>081200计算机科学与技术</td>\n    <td>学术学位</td>\n    <td>01人工智能</td>\n    <td>(1)全日制</td>\n    <td>①101思想政治理论②201英语（一）③301数学（一）④408计算机学科专业基础</td>\n    <td>&nbsp;</td>\n   </tr>\n   <tr>\n    <td>085400电子信息</td>\n    <td>专业学位</td>\n    <td>01人工智能</td>\n    <td>(1)全日制</td>\n    <td>①101思想政治理论②201英语（一）③301数学（一）④408计算机学科专业基础</td>\n    <td>&nbsp;</td>\n   </tr>\n  </tbody>\n </table>\n</div>', 'zhuanyemulu', NULL, 0, 1, '2025-12-12 15:04:39', NULL, 0, '上海交通大学', '不限', 0);
INSERT INTO `yl_guide` VALUES (27, '上海交通大学溥渊未来技术学院2026年硕士招生专业目录', '<h1>上海交通大学溥渊未来技术学院2026年硕士招生专业目录</h1>\n<div class=\"time\" style=\"margin-top:5px;margin-bottom:10px;\">\n <a href=\"/info/list/ClassID/52.shtml\" target=\"_blank\" title=\"更多专业目录相关内容列表\">专业目录</a> 来源：上海交通大学研究生招生网 2025-12-11　 相关院校：<a href=\"/graduate/grad/schoolID/4.shtml\" title=\"上海交通大学研究生院\" target=\"_blank\"><b>上海交通大学</b></a>\n</div>\n<div style=\"margin-top:10px;margin-bottom:0px;\">\n <div class=\"_4ezfie18m8i\"></div>\n</div>\n<div class=\"cont\" style=\"margin-top:5px;\">\n <ul>\n  <li><a rel=\"nofollow\" href=\"https://dl.koolearn.com/sXmT92X\" target=\"_blank\"><font color=\"#ff0000\">2026考研英语全程班 6班 </font></a></li>\n  <li><a rel=\"nofollow\" href=\"https://tgc.orangevip.com/releasehtml/index756.html?jt_site_id=32431&amp;source=0\" target=\"_blank\"><font color=\"#ff0000\">26考研全科上岸规划营「择校&#x25aa;规划&#x25aa;备考」</font></a></li>\n  <li><a href=\"/note/SchoolShow/id/4.shtml\" target=\"_blank\" title=\"上海交通大学考研资料\"><font color=\"#ff0000\">上海交通大学2026考研专业课复习资料「真题&#x25aa;笔记&#x25aa;讲义&#x25aa;题库」</font></a></li>\n </ul>\n</div>\n<div class=\"hr20\"></div>\n<div>\n <a target=\"_blank\" rel=\"nofollow\" href=\"https://mp.weixin.qq.com/s/S3jtisbmi-ZA0YDLDZKJCg\"><img src=\"https://download.chinakaoyan.com/wwwfile/2025/ke/20250808171711.png\"></a>\n</div>\n<div class=\"cont\" style=\"margin-top:-5px;margin-bottom:5px;\">\n 　\n <p>从上海交通大学研究生招生网获悉，上海交通大学2026年硕士研究生招生专业目录已发布，如下：</p>\n <table border=\"1\" width=\"98%\">\n  <tbody>\n   <tr>\n    <td><strong>院系代码名称</strong></td>\n    <td><strong>招生计划</strong></td>\n    <td><strong>专业代码名称</strong></td>\n    <td><strong>学位类型</strong></td>\n    <td><strong>研究方向</strong></td>\n    <td><strong>学习方式</strong></td>\n    <td><strong>考试科目</strong></td>\n    <td><strong>备注</strong></td>\n   </tr>\n   <tr>\n    <td rowspan=\"9\">490溥渊未来技术学院</td>\n    <td rowspan=\"9\">总招生计划：40，全日制专业学位40。 其中全日制推免生招生计划24</td>\n    <td rowspan=\"4\">085400电子信息</td>\n    <td rowspan=\"4\">专业学位</td>\n    <td>01控制工程（联影联培基地）</td>\n    <td>(1)全日制</td>\n    <td>①101思想政治理论②201英语（一）③301数学（一）④816自动控制理论</td>\n    <td>&nbsp;</td>\n   </tr>\n   <tr>\n    <td>02控制工程（宁德时代联培基地）</td>\n    <td>(1)全日制</td>\n    <td>①101思想政治理论②201英语（一）③301数学（一）④816自动控制理论</td>\n    <td>&nbsp;</td>\n   </tr>\n   <tr>\n    <td>03控制工程</td>\n    <td>(1)全日制</td>\n    <td>①101思想政治理论②201英语（一）③301数学（一）④816自动控制理论</td>\n    <td>&nbsp;</td>\n   </tr>\n   <tr>\n    <td>04控制工程（工程硕博士改革专项）</td>\n    <td>(1)全日制</td>\n    <td>仅推免生选拔</td>\n    <td>&nbsp;</td>\n   </tr>\n   <tr>\n    <td rowspan=\"3\">085500机械</td>\n    <td rowspan=\"3\">专业学位</td>\n    <td>01机械工程（宁德时代联培基地）</td>\n    <td>(1)全日制</td>\n    <td>①101思想政治理论②201英语（一）③301数学（一）④813机械设计原理与基础</td>\n    <td>&nbsp;</td>\n   </tr>\n   <tr>\n    <td>02机械工程</td>\n    <td>(1)全日制</td>\n    <td>①101思想政治理论②201英语（一）③301数学（一）④813机械设计原理与基础</td>\n    <td>&nbsp;</td>\n   </tr>\n   <tr>\n    <td>03机械工程（工程硕博士改革专项）</td>\n    <td>(1)全日制</td>\n    <td>仅推免生选拔</td>\n    <td>&nbsp;</td>\n   </tr>\n   <tr>\n    <td rowspan=\"2\">085800能源动力</td>\n    <td rowspan=\"2\">专业学位</td>\n    <td>01动力工程</td>\n    <td>(1)全日制</td>\n    <td>仅推免生选拔</td>\n    <td>&nbsp;</td>\n   </tr>\n   <tr>\n    <td>02动力工程（工程硕博士改革专项）</td>\n    <td>(1)全日制</td>\n    <td>仅推免生选拔</td>\n    <td>&nbsp;</td>\n   </tr>\n  </tbody>\n </table>\n</div>', 'zhuanyemulu', NULL, 0, 1, '2025-12-12 15:04:40', NULL, 0, '上海交通大学', '不限', 0);
INSERT INTO `yl_guide` VALUES (28, '上海交通大学智慧能源创新学院2026年硕士招生专业目录', '<h1>上海交通大学智慧能源创新学院2026年硕士招生专业目录</h1>\n<div class=\"time\" style=\"margin-top:5px;margin-bottom:10px;\">\n <a href=\"/info/list/ClassID/52.shtml\" target=\"_blank\" title=\"更多专业目录相关内容列表\">专业目录</a> 来源：上海交通大学研究生招生网 2025-12-11　 相关院校：<a href=\"/graduate/grad/schoolID/4.shtml\" title=\"上海交通大学研究生院\" target=\"_blank\"><b>上海交通大学</b></a>\n</div>\n<div style=\"margin-top:10px;margin-bottom:0px;\">\n <div class=\"_4ezfie18m8i\"></div>\n</div>\n<div class=\"cont\" style=\"margin-top:5px;\">\n <ul>\n  <li><a rel=\"nofollow\" href=\"https://dl.koolearn.com/sXmT92X\" target=\"_blank\"><font color=\"#ff0000\">2026考研英语全程班 6班 </font></a></li>\n  <li><a rel=\"nofollow\" href=\"https://tgc.orangevip.com/releasehtml/index756.html?jt_site_id=32431&amp;source=0\" target=\"_blank\"><font color=\"#ff0000\">26考研全科上岸规划营「择校&#x25aa;规划&#x25aa;备考」</font></a></li>\n  <li><a href=\"/note/SchoolShow/id/4.shtml\" target=\"_blank\" title=\"上海交通大学考研资料\"><font color=\"#ff0000\">上海交通大学2026考研专业课复习资料「真题&#x25aa;笔记&#x25aa;讲义&#x25aa;题库」</font></a></li>\n </ul>\n</div>\n<div class=\"hr20\"></div>\n<div>\n <a target=\"_blank\" rel=\"nofollow\" href=\"https://mp.weixin.qq.com/s/S3jtisbmi-ZA0YDLDZKJCg\"><img src=\"https://download.chinakaoyan.com/wwwfile/2025/ke/20250808171711.png\"></a>\n</div>\n<div class=\"cont\" style=\"margin-top:-5px;margin-bottom:5px;\">\n 　\n <p>从上海交通大学研究生招生网获悉，上海交通大学2026年硕士研究生招生专业目录已发布，如下：</p>\n <table border=\"1\" width=\"98%\">\n  <tbody>\n   <tr>\n    <td><strong>院系代码名称</strong></td>\n    <td><strong>招生计划</strong></td>\n    <td><strong>专业代码名称</strong></td>\n    <td><strong>学位类型</strong></td>\n    <td><strong>研究方向</strong></td>\n    <td><strong>学习方式</strong></td>\n    <td><strong>考试科目</strong></td>\n    <td><strong>备注</strong></td>\n   </tr>\n   <tr>\n    <td rowspan=\"7\">450智慧能源创新学院</td>\n    <td rowspan=\"7\">总招生计划：71，全日制专业学位58，非全日制专业学位13。 其中全日制推免生招生计划37</td>\n    <td rowspan=\"4\">085800能源动力</td>\n    <td rowspan=\"4\">专业学位</td>\n    <td>01智慧能源</td>\n    <td>(1)全日制</td>\n    <td>①101思想政治理论②201英语（一）③301数学（一）④812工程热力学</td>\n    <td>可以跨学科报考：理工科相关专业</td>\n   </tr>\n   <tr>\n    <td>02智慧能源（核科学与工程）</td>\n    <td>(1)全日制</td>\n    <td>①101思想政治理论②201英语（一）③301数学（一）④814核反应堆工程</td>\n    <td>可以跨学科报考：理工科相关专业</td>\n   </tr>\n   <tr>\n    <td>03智慧能源-工程硕博士专项</td>\n    <td>(1)全日制</td>\n    <td>仅推免生选拔</td>\n    <td>可以跨学科报考：理工科相关专业</td>\n   </tr>\n   <tr>\n    <td>04智慧能源（核科学与工程）-工程硕博士专项</td>\n    <td>(1)全日制</td>\n    <td>仅推免生选拔</td>\n    <td>可以跨学科报考：理工科相关专业</td>\n   </tr>\n   <tr>\n    <td rowspan=\"2\">085801电气工程</td>\n    <td rowspan=\"2\">专业学位</td>\n    <td>01智慧能源</td>\n    <td>(1)全日制</td>\n    <td>①101思想政治理论②201英语（一）③301数学（一）④822基本电路理论</td>\n    <td>可以跨学科报考：理工科相关专业</td>\n   </tr>\n   <tr>\n    <td>02智慧能源-工程硕博士专项</td>\n    <td>(1)全日制</td>\n    <td>仅推免生选拔</td>\n    <td>可以跨学科报考：理工科相关专业</td>\n   </tr>\n   <tr>\n    <td>125601工程管理</td>\n    <td>专业学位</td>\n    <td>01智慧能源</td>\n    <td>(2)非全日制</td>\n    <td>①199管理类综合能力②204英语（二）③-无④--无</td>\n    <td>&nbsp;</td>\n   </tr>\n  </tbody>\n </table>\n</div>', 'zhuanyemulu', NULL, 0, 1, '2025-12-12 15:04:40', NULL, 0, '上海交通大学', '不限', 0);
INSERT INTO `yl_guide` VALUES (29, '上海交通大学海洋学院2026年硕士招生专业目录', '<h1>上海交通大学海洋学院2026年硕士招生专业目录</h1>\n<div class=\"time\" style=\"margin-top:5px;margin-bottom:10px;\">\n <a href=\"/info/list/ClassID/52.shtml\" target=\"_blank\" title=\"更多专业目录相关内容列表\">专业目录</a> 来源：上海交通大学研究生招生网 2025-12-11　 相关院校：<a href=\"/graduate/grad/schoolID/4.shtml\" title=\"上海交通大学研究生院\" target=\"_blank\"><b>上海交通大学</b></a>\n</div>\n<div style=\"margin-top:10px;margin-bottom:0px;\">\n <div class=\"_4ezfie18m8i\"></div>\n</div>\n<div class=\"cont\" style=\"margin-top:5px;\">\n <ul>\n  <li><a rel=\"nofollow\" href=\"https://dl.koolearn.com/sXmT92X\" target=\"_blank\"><font color=\"#ff0000\">2026考研英语全程班 6班 </font></a></li>\n  <li><a rel=\"nofollow\" href=\"https://tgc.orangevip.com/releasehtml/index756.html?jt_site_id=32431&amp;source=0\" target=\"_blank\"><font color=\"#ff0000\">26考研全科上岸规划营「择校&#x25aa;规划&#x25aa;备考」</font></a></li>\n  <li><a href=\"/note/SchoolShow/id/4.shtml\" target=\"_blank\" title=\"上海交通大学考研资料\"><font color=\"#ff0000\">上海交通大学2026考研专业课复习资料「真题&#x25aa;笔记&#x25aa;讲义&#x25aa;题库」</font></a></li>\n </ul>\n</div>\n<div class=\"hr20\"></div>\n<div>\n <a target=\"_blank\" rel=\"nofollow\" href=\"https://mp.weixin.qq.com/s/S3jtisbmi-ZA0YDLDZKJCg\"><img src=\"https://download.chinakaoyan.com/wwwfile/2025/ke/20250808171711.png\"></a>\n</div>\n<div class=\"cont\" style=\"margin-top:-5px;margin-bottom:5px;\">\n 　\n <p>从上海交通大学研究生招生网获悉，上海交通大学2026年硕士研究生招生专业目录已发布，如下：</p>\n <table border=\"1\" width=\"98%\">\n  <tbody>\n   <tr>\n    <td><strong>院系代码名称</strong></td>\n    <td><strong>招生计划</strong></td>\n    <td><strong>专业代码名称</strong></td>\n    <td><strong>学位类型</strong></td>\n    <td><strong>研究方向</strong></td>\n    <td><strong>学习方式</strong></td>\n    <td><strong>考试科目</strong></td>\n    <td><strong>备注</strong></td>\n   </tr>\n   <tr>\n    <td rowspan=\"5\">440海洋学院</td>\n    <td rowspan=\"5\">总招生计划：35，全日制学术学位35。 其中全日制推免生招生计划23</td>\n    <td rowspan=\"5\">070700海洋科学</td>\n    <td rowspan=\"5\">学术学位</td>\n    <td>01物理海洋学</td>\n    <td>(1)全日制</td>\n    <td>①101思想政治理论②201英语（一）③301数学（一）④805理论力学基础</td>\n    <td>&nbsp;</td>\n   </tr>\n   <tr>\n    <td>02海洋化学（仅从推免生选拔）</td>\n    <td>(1)全日制</td>\n    <td>①101思想政治理论②201英语（一）③301数学（一）④807无机与分析化学基础</td>\n    <td>&nbsp;</td>\n   </tr>\n   <tr>\n    <td>03生物海洋学与海洋生物学</td>\n    <td>(1)全日制</td>\n    <td>①101思想政治理论②201英语（一）③301数学（一）④824生物化学基础</td>\n    <td>&nbsp;</td>\n   </tr>\n   <tr>\n    <td>04海洋地质学（仅从推免生选拔）</td>\n    <td>(1)全日制</td>\n    <td>①101思想政治理论②201英语（一）③301数学（一）④843普通地质学</td>\n    <td>&nbsp;</td>\n   </tr>\n   <tr>\n    <td>05海洋技术（含海洋遥感）（仅从推免生选拔）</td>\n    <td>(1)全日制</td>\n    <td>①101思想政治理论②201英语（一）③301数学（一）④842普通物理学</td>\n    <td>&nbsp;</td>\n   </tr>\n  </tbody>\n </table>\n</div>', 'zhuanyemulu', NULL, 0, 1, '2025-12-12 15:04:41', NULL, 0, '上海交通大学', '不限', 0);
INSERT INTO `yl_guide` VALUES (30, '上海交通大学设计学院2026年硕士招生专业目录', '<h1>上海交通大学设计学院2026年硕士招生专业目录</h1>\n<div class=\"time\" style=\"margin-top:5px;margin-bottom:10px;\">\n <a href=\"/info/list/ClassID/52.shtml\" target=\"_blank\" title=\"更多专业目录相关内容列表\">专业目录</a> 来源：上海交通大学研究生招生网 2025-12-11　 相关院校：<a href=\"/graduate/grad/schoolID/4.shtml\" title=\"上海交通大学研究生院\" target=\"_blank\"><b>上海交通大学</b></a>\n</div>\n<div style=\"margin-top:10px;margin-bottom:0px;\">\n <div class=\"_4ezfie18m8i\"></div>\n</div>\n<div class=\"cont\" style=\"margin-top:5px;\">\n <ul>\n  <li><a rel=\"nofollow\" href=\"https://dl.koolearn.com/sXmT92X\" target=\"_blank\"><font color=\"#ff0000\">2026考研英语全程班 6班 </font></a></li>\n  <li><a rel=\"nofollow\" href=\"https://tgc.orangevip.com/releasehtml/index756.html?jt_site_id=32431&amp;source=0\" target=\"_blank\"><font color=\"#ff0000\">26考研全科上岸规划营「择校&#x25aa;规划&#x25aa;备考」</font></a></li>\n  <li><a href=\"/note/SchoolShow/id/4.shtml\" target=\"_blank\" title=\"上海交通大学考研资料\"><font color=\"#ff0000\">上海交通大学2026考研专业课复习资料「真题&#x25aa;笔记&#x25aa;讲义&#x25aa;题库」</font></a></li>\n </ul>\n</div>\n<div class=\"hr20\"></div>\n<div>\n <a target=\"_blank\" rel=\"nofollow\" href=\"https://mp.weixin.qq.com/s/S3jtisbmi-ZA0YDLDZKJCg\"><img src=\"https://download.chinakaoyan.com/wwwfile/2025/ke/20250808171711.png\"></a>\n</div>\n<div class=\"cont\" style=\"margin-top:-5px;margin-bottom:5px;\">\n 　\n <p>从上海交通大学研究生招生网获悉，上海交通大学2026年硕士研究生招生专业目录已发布，如下：</p>\n <table border=\"1\" width=\"98%\">\n  <tbody>\n   <tr>\n    <td><strong>院系代码名称</strong></td>\n    <td><strong>招生计划</strong></td>\n    <td><strong>专业代码名称</strong></td>\n    <td><strong>学位类型</strong></td>\n    <td><strong>研究方向</strong></td>\n    <td><strong>学习方式</strong></td>\n    <td><strong>考试科目</strong></td>\n    <td><strong>备注</strong></td>\n   </tr>\n   <tr>\n    <td rowspan=\"7\">430设计学院</td>\n    <td rowspan=\"7\">总招生计划：108，全日制学术学位18，全日制专业学位90。 其中全日制推免生招生计划52</td>\n    <td rowspan=\"2\">081300建筑学</td>\n    <td rowspan=\"2\">学术学位</td>\n    <td>01建筑设计及其理论、建筑历史与理论及历史建筑保护、城市设计及其理论</td>\n    <td>(1)全日制</td>\n    <td>仅推免生选拔</td>\n    <td>建筑学、环境艺术、城市规划、风景园林、城市设计、建筑环境与能源应用工程、能源工程类、土木工程等相关专业均可报考，可以跨学科报考的专业：经济学、管理学、社会学、历史学、博物馆学、机械工程。</td>\n   </tr>\n   <tr>\n    <td>02建筑技术科学</td>\n    <td>(1)全日制</td>\n    <td>仅推免生选拔</td>\n    <td>建筑学、环境艺术、城市规划、风景园林、城市设计、建筑环境与能源应用工程、能源工程类、土木工程等相关专业均可报考，可以跨学科报考的专业：经济学、管理学、社会学、历史学、博物馆学、机械工程。</td>\n   </tr>\n   <tr>\n    <td>085100建筑</td>\n    <td>专业学位</td>\n    <td>01不区分研究方向</td>\n    <td>(1)全日制</td>\n    <td>①101思想政治理论②201英语（一）③355建筑学基础④911建筑设计</td>\n    <td>报考本专业考生须到上海交通大学考点参加考试，报考点必须为上海交通大学。建筑学、城市规划、历史建筑保护工程、城市设计、风景园林、环境艺术等相关专业均可报考，可以跨学科报考的专业：土木工程。</td>\n   </tr>\n   <tr>\n    <td>085500机械</td>\n    <td>专业学位</td>\n    <td>01不区分研究方向</td>\n    <td>(1)全日制</td>\n    <td>①101思想政治理论②201英语（一）③337工业设计工程④887工业设计工程专业基础</td>\n    <td>报考本专业考生须到上海交通大学考点参加考试，报考点必须为上海交通大学。考试时需带马克笔、彩色铅笔、色粉笔、尺规等设计用绘图工具。</td>\n   </tr>\n   <tr>\n    <td>086200风景园林</td>\n    <td>专业学位</td>\n    <td>01不区分研究方向</td>\n    <td>(1)全日制</td>\n    <td>①101思想政治理论②201英语（一）③344风景园林基础④913风景园林设计与植物应用</td>\n    <td>报考本专业考生须到上海交通大学考点参加考试，报考点必须为上海交通大学。可跨学科报考的专业：建筑类、环艺类、林学类、生物科学类、农学学科相关专业；复试时需进行“风景园林专业知识综合（含快题设计）”。</td>\n   </tr>\n   <tr>\n    <td>135700设计</td>\n    <td>专业学位</td>\n    <td>01不区分研究方向</td>\n    <td>(1)全日制</td>\n    <td>①101思想政治理论②201英语（一）③336艺术基础④914艺术设计</td>\n    <td>报考本专业考生须到上海交通大学考点参加考试，报考点必须为上海交通大学。本专业不指定考试科目的参考书和参考材料，不划定考试内容范围等；面试分笔试和口试两部分，笔试部分主要考察综合知识，口试部分主要考察考生从事本专业的基本素质。</td>\n   </tr>\n   <tr>\n    <td>140300设计学</td>\n    <td>学术学位</td>\n    <td>01不区分研究方向</td>\n    <td>(1)全日制</td>\n    <td>①101思想政治理论②201英语（一）③336艺术基础④914艺术设计</td>\n    <td>报考本专业考生须到上海交通大学考点参加考试，报考点必须为上海交通大学。本专业不指定考试科目的参考书和参考材料，不划定考试内容范围等；面试分笔试和口试两部分，笔试部分主要考察综合知识，口试部分主要考察考生从事本专业的基本素质。</td>\n   </tr>\n  </tbody>\n </table>\n</div>', 'zhuanyemulu', NULL, 1, 1, '2025-12-12 15:04:42', NULL, 0, '上海交通大学', '不限', 0);
INSERT INTO `yl_guide` VALUES (31, '上海交通大学航空航天学院2026年硕士招生专业目录', '<h1>上海交通大学航空航天学院2026年硕士招生专业目录</h1>\n<div class=\"time\" style=\"margin-top:5px;margin-bottom:10px;\">\n <a href=\"/info/list/ClassID/52.shtml\" target=\"_blank\" title=\"更多专业目录相关内容列表\">专业目录</a> 来源：上海交通大学研究生招生网 2025-12-11　 相关院校：<a href=\"/graduate/grad/schoolID/4.shtml\" title=\"上海交通大学研究生院\" target=\"_blank\"><b>上海交通大学</b></a>\n</div>\n<div style=\"margin-top:10px;margin-bottom:0px;\">\n <div class=\"_4ezfie18m8i\"></div>\n</div>\n<div class=\"cont\" style=\"margin-top:5px;\">\n <ul>\n  <li><a rel=\"nofollow\" href=\"https://dl.koolearn.com/sXmT92X\" target=\"_blank\"><font color=\"#ff0000\">2026考研英语全程班 6班 </font></a></li>\n  <li><a rel=\"nofollow\" href=\"https://tgc.orangevip.com/releasehtml/index756.html?jt_site_id=32431&amp;source=0\" target=\"_blank\"><font color=\"#ff0000\">26考研全科上岸规划营「择校&#x25aa;规划&#x25aa;备考」</font></a></li>\n  <li><a href=\"/note/SchoolShow/id/4.shtml\" target=\"_blank\" title=\"上海交通大学考研资料\"><font color=\"#ff0000\">上海交通大学2026考研专业课复习资料「真题&#x25aa;笔记&#x25aa;讲义&#x25aa;题库」</font></a></li>\n </ul>\n</div>\n<div class=\"hr20\"></div>\n<div>\n <a target=\"_blank\" rel=\"nofollow\" href=\"https://mp.weixin.qq.com/s/S3jtisbmi-ZA0YDLDZKJCg\"><img src=\"https://download.chinakaoyan.com/wwwfile/2025/ke/20250808171711.png\"></a>\n</div>\n<div class=\"cont\" style=\"margin-top:-5px;margin-bottom:5px;\">\n 　\n <p>从上海交通大学研究生招生网获悉，上海交通大学2026年硕士研究生招生专业目录已发布，如下：</p>\n <table border=\"1\" width=\"98%\">\n  <tbody>\n   <tr>\n    <td><strong>院系代码名称</strong></td>\n    <td><strong>招生计划</strong></td>\n    <td><strong>专业代码名称</strong></td>\n    <td><strong>学位类型</strong></td>\n    <td><strong>研究方向</strong></td>\n    <td><strong>学习方式</strong></td>\n    <td><strong>考试科目</strong></td>\n    <td><strong>备注</strong></td>\n   </tr>\n   <tr>\n    <td rowspan=\"9\">413航空航天学院</td>\n    <td rowspan=\"9\">总招生计划：113，全日制学术学位15，全日制专业学位79，非全日制专业学位19。 其中全日制推免生招生计划49</td>\n    <td rowspan=\"5\">082500航空宇航科学与技术</td>\n    <td rowspan=\"5\">学术学位</td>\n    <td>01飞行器设计</td>\n    <td>(1)全日制</td>\n    <td>①101思想政治理论②201英语（一）③301数学（一）④859航空航天力学基础</td>\n    <td>可跨学科报考的专业：力学、控制科学与工程、动力机械工程、机械工程、仪器科学与技术、材料科学与工程、计算机科学与技术、物理、数学、化学等专业。</td>\n   </tr>\n   <tr>\n    <td>02飞行器动力系统</td>\n    <td>(1)全日制</td>\n    <td>①101思想政治理论②201英语（一）③301数学（一）④864航空航天推进原理</td>\n    <td>可跨学科报考的专业：力学、控制科学与工程、动力机械工程、机械工程、仪器科学与技术、材料科学与工程、计算机科学与技术、物理、数学、化学等专业。</td>\n   </tr>\n   <tr>\n    <td>03信息与控制</td>\n    <td>(1)全日制</td>\n    <td>①101思想政治理论②201英语（一）③301数学（一）④861控制工程基础</td>\n    <td>可跨学科报考的专业：力学、控制科学与工程、动力机械工程、机械工程、仪器科学与技术、材料科学与工程、计算机科学与技术、物理、数学、化学等专业。</td>\n   </tr>\n   <tr>\n    <td>04临近空间系统与设计(仅从推免生选拔）</td>\n    <td>(1)全日制</td>\n    <td>仅推免生选拔</td>\n    <td>可跨学科报考的专业：力学、控制科学与工程、动力机械工程、机械工程、仪器科学与技术、材料科学与工程、计算机科学与技术、物理、数学、化学等专业。</td>\n   </tr>\n   <tr>\n    <td>05系统工程(仅从推免生选拔）</td>\n    <td>(1)全日制</td>\n    <td>仅推免生选拔</td>\n    <td>可跨学科报考的专业：力学、控制科学与工程、动力机械工程、机械工程、仪器科学与技术、材料科学与工程、计算机科学与技术、物理、数学、化学等专业。</td>\n   </tr>\n   <tr>\n    <td rowspan=\"3\">085500机械</td>\n    <td rowspan=\"3\">专业学位</td>\n    <td>01飞行器设计</td>\n    <td>(1)全日制</td>\n    <td>①101思想政治理论②201英语（一）③301数学（一）④859航空航天力学基础</td>\n    <td>理工科各专业均可以报考。</td>\n   </tr>\n   <tr>\n    <td>02信息与控制</td>\n    <td>(1)全日制</td>\n    <td>①101思想政治理论②201英语（一）③301数学（一）④861控制工程基础</td>\n    <td>理工科各专业均可以报考。</td>\n   </tr>\n   <tr>\n    <td>03飞行器动力系统</td>\n    <td>(1)全日制</td>\n    <td>①101思想政治理论②201英语（一）③301数学（一）④864航空航天推进原理</td>\n    <td>理工科各专业均可以报考。</td>\n   </tr>\n   <tr>\n    <td>125601工程管理</td>\n    <td>专业学位</td>\n    <td>01不分研究方向（航空航天学院）</td>\n    <td>(2)非全日制</td>\n    <td>①199管理类综合能力②204英语（二）③-无④--无</td>\n    <td>已分配招生计划19名</td>\n   </tr>\n  </tbody>\n </table>\n</div>', 'zhuanyemulu', NULL, 0, 1, '2025-12-12 15:04:42', NULL, 0, '上海交通大学', '不限', 0);
INSERT INTO `yl_guide` VALUES (32, '上海交通大学上海高级金融学院2026年硕士招生专业目录', '<h1>上海交通大学上海高级金融学院2026年硕士招生专业目录</h1>\n<div class=\"time\" style=\"margin-top:5px;margin-bottom:10px;\">\n <a href=\"/info/list/ClassID/52.shtml\" target=\"_blank\" title=\"更多专业目录相关内容列表\">专业目录</a> 来源：上海交通大学研究生招生网 2025-12-11　 相关院校：<a href=\"/graduate/grad/schoolID/4.shtml\" title=\"上海交通大学研究生院\" target=\"_blank\"><b>上海交通大学</b></a>\n</div>\n<div style=\"margin-top:10px;margin-bottom:0px;\">\n <div class=\"_4ezfie18m8i\"></div>\n</div>\n<div class=\"cont\" style=\"margin-top:5px;\">\n <ul>\n  <li><a rel=\"nofollow\" href=\"https://dl.koolearn.com/sXmT92X\" target=\"_blank\"><font color=\"#ff0000\">2026考研英语全程班 6班 </font></a></li>\n  <li><a rel=\"nofollow\" href=\"https://tgc.orangevip.com/releasehtml/index756.html?jt_site_id=32431&amp;source=0\" target=\"_blank\"><font color=\"#ff0000\">26考研全科上岸规划营「择校&#x25aa;规划&#x25aa;备考」</font></a></li>\n  <li><a href=\"/note/SchoolShow/id/4.shtml\" target=\"_blank\" title=\"上海交通大学考研资料\"><font color=\"#ff0000\">上海交通大学2026考研专业课复习资料「真题&#x25aa;笔记&#x25aa;讲义&#x25aa;题库」</font></a></li>\n </ul>\n</div>\n<div class=\"hr20\"></div>\n<div>\n <a target=\"_blank\" rel=\"nofollow\" href=\"https://mp.weixin.qq.com/s/S3jtisbmi-ZA0YDLDZKJCg\"><img src=\"https://download.chinakaoyan.com/wwwfile/2025/ke/20250808171711.png\"></a>\n</div>\n<div class=\"cont\" style=\"margin-top:-5px;margin-bottom:5px;\">\n 　\n <p>从上海交通大学研究生招生网获悉，上海交通大学2026年硕士研究生招生专业目录已发布，如下：</p>\n <table border=\"1\" width=\"98%\">\n  <tbody>\n   <tr>\n    <td><strong>院系代码名称</strong></td>\n    <td><strong>招生计划</strong></td>\n    <td><strong>专业代码名称</strong></td>\n    <td><strong>学位类型</strong></td>\n    <td><strong>研究方向</strong></td>\n    <td><strong>学习方式</strong></td>\n    <td><strong>考试科目</strong></td>\n    <td><strong>备注</strong></td>\n   </tr>\n   <tr>\n    <td rowspan=\"4\">380上海高级金融学院</td>\n    <td rowspan=\"4\">总招生计划：513，全日制专业学位108（MBA43，金融硕士65），非全日制MBA专业学位405。 其中全日制金融硕士推免生招生计划55</td>\n    <td>025100金融</td>\n    <td>专业学位</td>\n    <td>01证券投资分析；公司金融；风险管理；量化分析；金融科技</td>\n    <td>(1)全日制</td>\n    <td>①101思想政治理论②201英语（一）③303数学（三）④431金融学综合</td>\n    <td>&nbsp;</td>\n   </tr>\n   <tr>\n    <td rowspan=\"3\">125100工商管理</td>\n    <td rowspan=\"3\">专业学位</td>\n    <td>01资本市场；公司金融；综合金融</td>\n    <td>(1)全日制</td>\n    <td>①199管理类综合能力②204英语（二）③-无④--无</td>\n    <td>全日制MBA学制两年，非全日制MBA学制三年。EMBA学制两年。</td>\n   </tr>\n   <tr>\n    <td>02资本市场；公司金融；综合金融；在职MBA</td>\n    <td>(2)非全日制</td>\n    <td>①199管理类综合能力②204英语（二）③-无④--无</td>\n    <td>全日制MBA学制两年，非全日制MBA学制三年。EMBA学制两年。</td>\n   </tr>\n   <tr>\n    <td>03在职EMBA</td>\n    <td>(2)非全日制</td>\n    <td>①199管理类综合能力②204英语（二）③-无④--无</td>\n    <td>全日制MBA学制两年，非全日制MBA学制三年。EMBA学制两年。</td>\n   </tr>\n  </tbody>\n </table>\n</div>', 'zhuanyemulu', NULL, 0, 1, '2025-12-12 15:04:43', NULL, 0, '上海交通大学', '不限', 0);
INSERT INTO `yl_guide` VALUES (33, '上海交通大学董浩云智能制造与服务管理研究院（中美物流研究院）2026年硕士招生专业目录', '<h1>上海交通大学董浩云智能制造与服务管理研究院（中美物流研究院）2026年硕士招生专业目录</h1>\n<div class=\"time\" style=\"margin-top:5px;margin-bottom:10px;\">\n <a href=\"/info/list/ClassID/52.shtml\" target=\"_blank\" title=\"更多专业目录相关内容列表\">专业目录</a> 来源：上海交通大学研究生招生网 2025-12-11　 相关院校：<a href=\"/graduate/grad/schoolID/4.shtml\" title=\"上海交通大学研究生院\" target=\"_blank\"><b>上海交通大学</b></a>\n</div>\n<div style=\"margin-top:10px;margin-bottom:0px;\">\n <div class=\"_4ezfie18m8i\"></div>\n</div>\n<div class=\"cont\" style=\"margin-top:5px;\">\n <ul>\n  <li><a rel=\"nofollow\" href=\"https://dl.koolearn.com/sXmT92X\" target=\"_blank\"><font color=\"#ff0000\">2026考研英语全程班 6班 </font></a></li>\n  <li><a rel=\"nofollow\" href=\"https://tgc.orangevip.com/releasehtml/index756.html?jt_site_id=32431&amp;source=0\" target=\"_blank\"><font color=\"#ff0000\">26考研全科上岸规划营「择校&#x25aa;规划&#x25aa;备考」</font></a></li>\n  <li><a href=\"/note/SchoolShow/id/4.shtml\" target=\"_blank\" title=\"上海交通大学考研资料\"><font color=\"#ff0000\">上海交通大学2026考研专业课复习资料「真题&#x25aa;笔记&#x25aa;讲义&#x25aa;题库」</font></a></li>\n </ul>\n</div>\n<div class=\"hr20\"></div>\n<div>\n <a target=\"_blank\" rel=\"nofollow\" href=\"https://mp.weixin.qq.com/s/S3jtisbmi-ZA0YDLDZKJCg\"><img src=\"https://download.chinakaoyan.com/wwwfile/2025/ke/20250808171711.png\"></a>\n</div>\n<div class=\"cont\" style=\"margin-top:-5px;margin-bottom:5px;\">\n 　\n <p>从上海交通大学研究生招生网获悉，上海交通大学2026年硕士研究生招生专业目录已发布，如下：</p>\n <table border=\"1\" width=\"98%\">\n  <tbody>\n   <tr>\n    <td><strong>院系代码名称</strong></td>\n    <td><strong>招生计划</strong></td>\n    <td><strong>专业代码名称</strong></td>\n    <td><strong>学位类型</strong></td>\n    <td><strong>研究方向</strong></td>\n    <td><strong>学习方式</strong></td>\n    <td><strong>考试科目</strong></td>\n    <td><strong>备注</strong></td>\n   </tr>\n   <tr>\n    <td rowspan=\"3\">351董浩云智能制造与服务管理研究院（中美物流研究院）</td>\n    <td rowspan=\"3\">总招生计划：29，全日制专业学位12，非全日制专业学位17。 其中全日制推免生招生计划10</td>\n    <td>125601工程管理</td>\n    <td>专业学位</td>\n    <td>01不分研究方向（中美物流研究院）</td>\n    <td>(2)非全日制</td>\n    <td>①199管理类综合能力②204英语（二）③-无④--无</td>\n    <td>&nbsp;</td>\n   </tr>\n   <tr>\n    <td rowspan=\"2\">125604物流工程与管理</td>\n    <td rowspan=\"2\">专业学位</td>\n    <td>01不分研究方向（仅面向推免生选拔）</td>\n    <td>(1)全日制</td>\n    <td>①199管理类综合能力②204英语（二）③-无④--无</td>\n    <td>&nbsp;</td>\n   </tr>\n   <tr>\n    <td>02不分研究方向（中美物流研究院）</td>\n    <td>(1)全日制</td>\n    <td>①199管理类综合能力②204英语（二）③-无④--无</td>\n    <td>&nbsp;</td>\n   </tr>\n  </tbody>\n </table>\n</div>', 'zhuanyemulu', NULL, 1, 1, '2025-12-12 15:04:44', NULL, 0, '上海交通大学', '不限', 0);
INSERT INTO `yl_guide` VALUES (34, '上海交通大学教育学院2026年硕士招生专业目录', '<h1>上海交通大学教育学院2026年硕士招生专业目录</h1>\n<div class=\"time\" style=\"margin-top:5px;margin-bottom:10px;\">\n <a href=\"/info/list/ClassID/52.shtml\" target=\"_blank\" title=\"更多专业目录相关内容列表\">专业目录</a> 来源：上海交通大学研究生招生网 2025-12-11　 相关院校：<a href=\"/graduate/grad/schoolID/4.shtml\" title=\"上海交通大学研究生院\" target=\"_blank\"><b>上海交通大学</b></a>\n</div>\n<div style=\"margin-top:10px;margin-bottom:0px;\">\n <div class=\"_4ezfie18m8i\"></div>\n</div>\n<div class=\"cont\" style=\"margin-top:5px;\">\n <ul>\n  <li><a rel=\"nofollow\" href=\"https://dl.koolearn.com/sXmT92X\" target=\"_blank\"><font color=\"#ff0000\">2026考研英语全程班 6班 </font></a></li>\n  <li><a rel=\"nofollow\" href=\"https://tgc.orangevip.com/releasehtml/index756.html?jt_site_id=32431&amp;source=0\" target=\"_blank\"><font color=\"#ff0000\">26考研全科上岸规划营「择校&#x25aa;规划&#x25aa;备考」</font></a></li>\n  <li><a href=\"/note/SchoolShow/id/4.shtml\" target=\"_blank\" title=\"上海交通大学考研资料\"><font color=\"#ff0000\">上海交通大学2026考研专业课复习资料「真题&#x25aa;笔记&#x25aa;讲义&#x25aa;题库」</font></a></li>\n </ul>\n</div>\n<div class=\"hr20\"></div>\n<div>\n <a target=\"_blank\" rel=\"nofollow\" href=\"https://mp.weixin.qq.com/s/S3jtisbmi-ZA0YDLDZKJCg\"><img src=\"https://download.chinakaoyan.com/wwwfile/2025/ke/20250808171711.png\"></a>\n</div>\n<div class=\"cont\" style=\"margin-top:-5px;margin-bottom:5px;\">\n 　\n <p>从上海交通大学研究生招生网获悉，上海交通大学2026年硕士研究生招生专业目录已发布，如下：</p>\n <table border=\"1\" width=\"98%\">\n  <tbody>\n   <tr>\n    <td><strong>院系代码名称</strong></td>\n    <td><strong>招生计划</strong></td>\n    <td><strong>专业代码名称</strong></td>\n    <td><strong>学位类型</strong></td>\n    <td><strong>研究方向</strong></td>\n    <td><strong>学习方式</strong></td>\n    <td><strong>考试科目</strong></td>\n    <td><strong>备注</strong></td>\n   </tr>\n   <tr>\n    <td rowspan=\"8\">350教育学院</td>\n    <td rowspan=\"8\">总招生计划：61，全日制学术学位12，全日制专业学位49。 其中全日制推免生招生计划52</td>\n    <td>040100教育学</td>\n    <td>学术学位</td>\n    <td>01不分研究方向</td>\n    <td>(1)全日制</td>\n    <td>①101思想政治理论②201英语（一）③311教育学专业基础④--无</td>\n    <td>统考招收9名学生</td>\n   </tr>\n   <tr>\n    <td>045103学科教学（语文）</td>\n    <td>专业学位</td>\n    <td>01仅面向推免生选拔，不从全国研究生统一考试中选拔。</td>\n    <td>(1)全日制</td>\n    <td>仅推免生选拔</td>\n    <td>文史类相关专业可以跨专业报考</td>\n   </tr>\n   <tr>\n    <td>045104学科教学（数学）</td>\n    <td>专业学位</td>\n    <td>01仅面向推免生选拔，不从全国研究生统一考试中选拔。</td>\n    <td>(1)全日制</td>\n    <td>仅推免生选拔</td>\n    <td>理工科各专业均可以跨专业报考</td>\n   </tr>\n   <tr>\n    <td>045105学科教学（物理）</td>\n    <td>专业学位</td>\n    <td>01仅面向推免生选拔，不从全国研究生统一考试中选拔。</td>\n    <td>(1)全日制</td>\n    <td>仅推免生选拔</td>\n    <td>理工科各专业均可以跨专业报考</td>\n   </tr>\n   <tr>\n    <td>045106学科教学（化学）</td>\n    <td>专业学位</td>\n    <td>01仅面向推免生选拔，不从全国研究生统一考试中选拔。</td>\n    <td>(1)全日制</td>\n    <td>仅推免生选拔</td>\n    <td>理工科各专业均可以跨专业报考</td>\n   </tr>\n   <tr>\n    <td>045107学科教学（生物）</td>\n    <td>专业学位</td>\n    <td>01仅面向推免生选拔，不从全国研究生统一考试中选拔。</td>\n    <td>(1)全日制</td>\n    <td>仅推免生选拔</td>\n    <td>仅招收生、农、医、药等相关专业</td>\n   </tr>\n   <tr>\n    <td>045108学科教学（英语）</td>\n    <td>专业学位</td>\n    <td>01仅面向推免生选拔，不从全国研究生统一考试中选拔。</td>\n    <td>(1)全日制</td>\n    <td>仅推免生选拔</td>\n    <td>仅招收外语类相关专业报考</td>\n   </tr>\n   <tr>\n    <td>045117科学与技术教育</td>\n    <td>专业学位</td>\n    <td>01仅面向推免生选拔，不从全国研究生统一考试中选拔。</td>\n    <td>(1)全日制</td>\n    <td>仅推免生选拔</td>\n    <td>理工科各专业均可以跨专业报考</td>\n   </tr>\n  </tbody>\n </table>\n</div>', 'zhuanyemulu', NULL, 0, 1, '2025-12-12 15:04:44', NULL, 0, '上海交通大学', '不限', 0);
INSERT INTO `yl_guide` VALUES (35, '准备就绪！教育部提醒广大研考考生诚信考试', '<h1>准备就绪！教育部提醒广大研考考生诚信考试</h1>\n<div class=\"time\" style=\"margin-top:5px;margin-bottom:10px;\">\n <a href=\"/info/list/ClassID/9.shtml\" target=\"_blank\" title=\"更多研招新闻相关内容列表\">研招新闻</a> 来源：微言教育 2024-12-20　\n</div>\n<div style=\"margin-top:10px;margin-bottom:0px;\">\n <div class=\"_4ezfie18m8i\"></div>\n</div>\n<div class=\"cont\" style=\"margin-top:5px;\">\n <ul>\n  <li><a rel=\"nofollow\" href=\"https://dl.koolearn.com/sXmT92X\" target=\"_blank\"><font color=\"#ff0000\">2026考研英语全程班 6班 </font></a></li>\n  <li><a rel=\"nofollow\" href=\"https://tgc.orangevip.com/releasehtml/index756.html?jt_site_id=32431&amp;source=0\" target=\"_blank\"><font color=\"#ff0000\">26考研全科上岸规划营「择校&#x25aa;规划&#x25aa;备考」</font></a></li>\n  <li><a href=\"/note/SchoolShow/id/.shtml\" target=\"_blank\" title=\"考研资料\"><font color=\"#ff0000\">2026考研专业课复习资料「真题&#x25aa;笔记&#x25aa;讲义&#x25aa;题库」</font></a></li>\n </ul>\n</div>\n<div class=\"hr20\"></div>\n<div>\n <a target=\"_blank\" rel=\"nofollow\" href=\"https://mp.weixin.qq.com/s/S3jtisbmi-ZA0YDLDZKJCg\"><img src=\"https://download.chinakaoyan.com/wwwfile/2025/ke/20250808171711.png\"></a>\n</div>\n<div class=\"cont\" style=\"margin-top:-5px;margin-bottom:5px;\">\n 　\n <p>2025年全国硕士研究生招生考试将于2024年12月21日至22日举行。教育部深入贯彻落实习近平总书记等中央领导同志重要指示精神，树牢底线思维、极限思维，会同中央宣传部、中央网信办、中央保密办、工业和信息化部、公安部等国家教育统一考试工作部际联席会议成员单位，召开研考安全工作视频会议、印发专项工作文件，进行全面动员部署，联合开展综合治理考试环境专项行动，严守考试安全、公平底线；严肃考风考纪，强化人防、物防、技防相结合，大力推动考场综合安防体系建设；加强协调调度，指导各地全面排查整治考试组织安全隐患和薄弱环节、完善应急预案、优化考生服务，全力实现平安研考。各省（区、市）党委政府高度重视研考组织工作，加强组织领导，周密部署检查；教育部门积极会同各有关部门齐抓共管、协调联动，强化安全责任落实。目前，全国研考各项工作准备就绪。</p>\n <p>全国硕士研究生招生考试是法律规定国家考试，凡在考试中作弊的考生，其作弊事实将依法记入《国家教育考试考生诚信档案》，并通报其所在学校或单位。广大考生应知法守法，严格遵守考试考场规则，切实履行诚信考试义务，以诚取信，以信取胜，莫拿个人诚信当儿戏。遵守考试纪律，不携带手机等违禁物品进入考场，不心存侥幸替他人或者让他人代替自己参加考试，不参与涉考违法犯罪活动；服从监考人员管理，主动接受身份核验和考试违禁物品检查。</p>\n <p><strong>教育部提醒广大考生&#x2014;&#x2014;</strong></p>\n <p>及时关注天气变化，注意防寒保暖，做好个人健康防护；</p>\n <p>提前认真阅读考试须知，认真核实确认考试时间、地点，仔细检查考试所须携带的证件和文具，合理规划赴考行程安排；</p>\n <p>保持积极心态和良好身体状态，沉着冷静参加考试。</p>\n</div>', 'zhaoshengjianzhang', NULL, 0, 1, '2025-12-12 15:06:15', NULL, 0, '未知院校', '不限', 0);
INSERT INTO `yl_guide` VALUES (36, '2025年全国硕士研究生招生考试（初试）温馨提示汇总', '<h1>2025年全国硕士研究生招生考试（初试）温馨提示汇总</h1>\n<div class=\"time\" style=\"margin-top:5px;margin-bottom:10px;\">\n <a href=\"/info/list/ClassID/9.shtml\" target=\"_blank\" title=\"更多研招新闻相关内容列表\">研招新闻</a> 来源：研招网 2024-12-14　\n</div>\n<div style=\"margin-top:10px;margin-bottom:0px;\">\n <div class=\"_4ezfie18m8i\"></div>\n</div>\n<div class=\"cont\" style=\"margin-top:5px;\">\n <ul>\n  <li><a rel=\"nofollow\" href=\"https://dl.koolearn.com/sXmT92X\" target=\"_blank\"><font color=\"#ff0000\">2026考研英语全程班 6班 </font></a></li>\n  <li><a rel=\"nofollow\" href=\"https://tgc.orangevip.com/releasehtml/index756.html?jt_site_id=32431&amp;source=0\" target=\"_blank\"><font color=\"#ff0000\">26考研全科上岸规划营「择校&#x25aa;规划&#x25aa;备考」</font></a></li>\n  <li><a href=\"/note/SchoolShow/id/.shtml\" target=\"_blank\" title=\"考研资料\"><font color=\"#ff0000\">2026考研专业课复习资料「真题&#x25aa;笔记&#x25aa;讲义&#x25aa;题库」</font></a></li>\n </ul>\n</div>\n<div class=\"hr20\"></div>\n<div>\n <a target=\"_blank\" rel=\"nofollow\" href=\"https://mp.weixin.qq.com/s/S3jtisbmi-ZA0YDLDZKJCg\"><img src=\"https://download.chinakaoyan.com/wwwfile/2025/ke/20250808171711.png\"></a>\n</div>\n<div class=\"cont\" style=\"margin-top:-5px;margin-bottom:5px;\">\n 　\n <p><strong>注：信息不断添加中，以下通知如有变动，以省招办公布的最新信息为准。</strong></p>\n <table width=\"98%\" align=\"center\" border=\"1\" cellspacing=\"1\" cellpadding=\"1\">\n  <tbody>\n   <tr>\n    <th>省市</th>\n    <th>温馨提示</th>\n   </tr>\n   <tr>\n    <td>北京</td>\n    <td><a target=\"_blank\" rel=\"nofollow\" href=\"https://yz.chsi.com.cn/kyzx/kydt/202412/20241209/2293348406.html\">北京市2025年全国硕士研究生招生考试（初试）考生须知</a></td>\n   </tr>\n   <tr>\n    <td>天津</td>\n    <td><a target=\"_blank\" rel=\"nofollow\" href=\"https://yz.chsi.com.cn/kyzx/kydt/202412/20241213/2293348652.html\">天津：研途护航 | 考前温馨提示之考试安排</a></td>\n   </tr>\n   <tr>\n    <td>河北</td>\n    <td><a target=\"_blank\" rel=\"nofollow\" href=\"https://yz.chsi.com.cn/kyzx/kydt/202412/20241213/2293349957.html\">河北省2025年全国硕士研究生招生考试（初试）考场规则及注意事项</a><br>\n      &nbsp;&nbsp;&nbsp;&nbsp;&nbsp;&nbsp;&nbsp;&nbsp;&nbsp;&nbsp;&nbsp;&nbsp;&nbsp;<a target=\"_blank\" rel=\"nofollow\" href=\"https://yz.chsi.com.cn/kyzx/kydt/202412/20241211/2293348537.html\">河北省2025年全国硕士研究生招生考试各地信息发布网站、公众号、咨询电话和邮箱信息汇总</a></td>\n   </tr>\n   <tr>\n    <td>山西</td>\n    <td><a target=\"_blank\" rel=\"nofollow\" href=\"https://yz.chsi.com.cn/kyzx/kydt/202412/20241213/2293349941.html\"></a></td>\n   </tr>\n   <tr>\n    <td>内蒙古</td>\n    <td><a target=\"_blank\" rel=\"nofollow\" href=\"https://yz.chsi.com.cn/kyzx/kydt/202412/20241213/2293349941.html\"></a></td>\n   </tr>\n   <tr>\n    <td>辽宁</td>\n    <td><a target=\"_blank\" rel=\"nofollow\" href=\"https://yz.chsi.com.cn/kyzx/kydt/202412/20241212/2293348581.html\">辽宁：2025年全国硕士研究生招生考试准考证打印温馨提示</a></td>\n   </tr>\n   <tr>\n    <td>吉林</td>\n    <td><a target=\"_blank\" rel=\"nofollow\" href=\"https://yz.chsi.com.cn/kyzx/kydt/202412/20241211/2293348545.html\">吉林：致全省2025年研考考生的一封信</a><br><a target=\"_blank\" rel=\"nofollow\" href=\"https://yz.chsi.com.cn/kyzx/kydt/202412/20241211/2293348544.html\">吉林省2025年全国硕士研究生招生考试违规举报受理电话</a></td>\n   </tr>\n   <tr>\n    <td>黑龙江</td>\n    <td><a target=\"_blank\" rel=\"nofollow\" href=\"https://yz.chsi.com.cn/kyzx/kydt/202412/20241210/2293348426.html\">黑龙江省2025年全国硕士研究生招生考试（初试）考前温馨提示</a></td>\n   </tr>\n   <tr>\n    <td>上海</td>\n    <td><a target=\"_blank\" rel=\"nofollow\" href=\"https://yz.chsi.com.cn/kyzx/kydt/202412/20241211/2293348515.html\">2025年上海市硕士研究生招生考试（初试）考前提醒</a></td>\n   </tr>\n   <tr>\n    <td>江苏</td>\n    <td><a target=\"_blank\" rel=\"nofollow\" href=\"https://yz.chsi.com.cn/kyzx/kydt/202412/20241213/2293349941.html\"></a></td>\n   </tr>\n   <tr>\n    <td>浙江</td>\n    <td><a target=\"_blank\" rel=\"nofollow\" href=\"https://yz.chsi.com.cn/kyzx/kydt/202412/20241212/2293348568.html\">浙江：2025年硕士研究生招生考试文具和计算器使用说明</a></td>\n   </tr>\n   <tr>\n    <td>安徽</td>\n    <td><a target=\"_blank\" rel=\"nofollow\" href=\"https://yz.chsi.com.cn/kyzx/kydt/202412/20241213/2293349938.html\">@安徽研考考生 | 《考场规则》记心间</a></td>\n   </tr>\n   <tr>\n    <td>福建</td>\n    <td><a target=\"_blank\" rel=\"nofollow\" href=\"https://yz.chsi.com.cn/kyzx/kydt/202412/20241210/2293348454.html\">2025年全国硕士研究生招生考试（初试）福建考生应考须知</a></td>\n   </tr>\n   <tr>\n    <td>江西</td>\n    <td><a target=\"_blank\" rel=\"nofollow\" href=\"https://yz.chsi.com.cn/kyzx/kydt/202412/20241213/2293349941.html\"></a></td>\n   </tr>\n   <tr>\n    <td>山东</td>\n    <td><a target=\"_blank\" rel=\"nofollow\" href=\"https://yz.chsi.com.cn/kyzx/kydt/202412/20241209/2293348324.html\">致山东省2025年硕士研究生招生考试（初试）考生的一封信</a></td>\n   </tr>\n   <tr>\n    <td>河南</td>\n    <td><a target=\"_blank\" rel=\"nofollow\" href=\"https://yz.chsi.com.cn/kyzx/kydt/202412/20241212/2293349928.html\">河南省2025年全国硕士研究生招生考试考生须知</a></td>\n   </tr>\n   <tr>\n    <td>湖北</td>\n    <td><a target=\"_blank\" rel=\"nofollow\" href=\"https://yz.chsi.com.cn/kyzx/kydt/202412/20241212/2293349932.html\">湖北省2025年研考温馨提示</a></td>\n   </tr>\n   <tr>\n    <td>湖南</td>\n    <td><a target=\"_blank\" rel=\"nofollow\" href=\"https://yz.chsi.com.cn/kyzx/kydt/202412/20241213/2293349941.html\"></a></td>\n   </tr>\n   <tr>\n    <td>广东</td>\n    <td><a target=\"_blank\" rel=\"nofollow\" href=\"https://yz.chsi.com.cn/kyzx/kydt/202412/20241213/2293349941.html\"></a></td>\n   </tr>\n   <tr>\n    <td>广西</td>\n    <td><a target=\"_blank\" rel=\"nofollow\" href=\"https://yz.chsi.com.cn/kyzx/kydt/202412/20241213/2293348682.html\">广西2025年全国硕士研究生招生考试（初试）考场规则</a></td>\n   </tr>\n   <tr>\n    <td>海南</td>\n    <td><a target=\"_blank\" rel=\"nofollow\" href=\"https://yz.chsi.com.cn/kyzx/kydt/202412/20241213/2293349953.html\">海南省2025年全国硕士研究生招生考试（初试）公告</a></td>\n   </tr>\n   <tr>\n    <td>重庆</td>\n    <td><a target=\"_blank\" rel=\"nofollow\" href=\"https://yz.chsi.com.cn/kyzx/kydt/202412/20241209/2293348404.html\">重庆市2025年全国硕士研究生招生考试温馨提醒</a></td>\n   </tr>\n   <tr>\n    <td>四川</td>\n    <td><a target=\"_blank\" rel=\"nofollow\" href=\"https://yz.chsi.com.cn/kyzx/kydt/202412/20241210/2293348408.html\">四川：@全体2025年研考生，考前温馨提示（一）请收好！</a></td>\n   </tr>\n   <tr>\n    <td>贵州</td>\n    <td><a target=\"_blank\" rel=\"nofollow\" href=\"https://yz.chsi.com.cn/kyzx/kydt/202412/20241211/2293348474.html\">贵州省2025年全国硕士研究生招生考试（初试）考生入场须知</a></td>\n   </tr>\n   <tr>\n    <td>云南</td>\n    <td><a target=\"_blank\" rel=\"nofollow\" href=\"https://yz.chsi.com.cn/kyzx/kydt/202412/20241213/2293349941.html\"></a></td>\n   </tr>\n   <tr>\n    <td>西藏</td>\n    <td><a target=\"_blank\" rel=\"nofollow\" href=\"https://yz.chsi.com.cn/kyzx/kydt/202412/20241213/2293349941.html\"></a></td>\n   </tr>\n   <tr>\n    <td>陕西</td>\n    <td><a target=\"_blank\" rel=\"nofollow\" href=\"https://yz.chsi.com.cn/kyzx/kydt/202412/20241213/2293349941.html\"></a></td>\n   </tr>\n   <tr>\n    <td>甘肃</td>\n    <td><a target=\"_blank\" rel=\"nofollow\" href=\"https://yz.chsi.com.cn/kyzx/kydt/202412/20241210/2293348410.html\">甘肃省2025年全国硕士研究生招生考试（初试）考生入场安全检查工作的公告</a><br><a target=\"_blank\" rel=\"nofollow\" href=\"https://yz.chsi.com.cn/kyzx/kydt/202412/20241213/2293348671.html\">甘肃省2025年全国硕士研究生招生考试（初试）考风考纪教育公告</a></td>\n   </tr>\n   <tr>\n    <td>青海</td>\n    <td><a target=\"_blank\" rel=\"nofollow\" href=\"https://yz.chsi.com.cn/kyzx/kydt/202412/20241213/2293349941.html\"></a></td>\n   </tr>\n   <tr>\n    <td>宁夏</td>\n    <td><a target=\"_blank\" rel=\"nofollow\" href=\"https://yz.chsi.com.cn/kyzx/kydt/202412/20241213/2293348676.html\">宁夏：致2025年研考考生的一封信</a></td>\n   </tr>\n   <tr>\n    <td>新疆</td>\n    <td><a target=\"_blank\" rel=\"nofollow\" href=\"https://yz.chsi.com.cn/kyzx/kydt/202412/20241213/2293349941.html\"></a></td>\n   </tr>\n  </tbody>\n </table> 详见：https://yz.chsi.com.cn/kyzx/kydt/202412/20241213/2293349941.html\n</div>', 'zhaoshengjianzhang', NULL, 0, 1, '2025-12-12 15:06:16', NULL, 0, '未知院校', '不限', 0);
INSERT INTO `yl_guide` VALUES (37, '2025研考生请注意！11日开通《准考证》下载', '<h1>2025研考生请注意！11日开通《准考证》下载</h1>\n<div class=\"time\" style=\"margin-top:5px;margin-bottom:10px;\">\n <a href=\"/info/list/ClassID/9.shtml\" target=\"_blank\" title=\"更多研招新闻相关内容列表\">研招新闻</a> 来源：研招网 2024-12-10　\n</div>\n<div style=\"margin-top:10px;margin-bottom:0px;\">\n <div class=\"_4ezfie18m8i\"></div>\n</div>\n<div class=\"cont\" style=\"margin-top:5px;\">\n <ul>\n  <li><a rel=\"nofollow\" href=\"https://dl.koolearn.com/sXmT92X\" target=\"_blank\"><font color=\"#ff0000\">2026考研英语全程班 6班 </font></a></li>\n  <li><a rel=\"nofollow\" href=\"https://tgc.orangevip.com/releasehtml/index756.html?jt_site_id=32431&amp;source=0\" target=\"_blank\"><font color=\"#ff0000\">26考研全科上岸规划营「择校&#x25aa;规划&#x25aa;备考」</font></a></li>\n  <li><a href=\"/note/SchoolShow/id/.shtml\" target=\"_blank\" title=\"考研资料\"><font color=\"#ff0000\">2026考研专业课复习资料「真题&#x25aa;笔记&#x25aa;讲义&#x25aa;题库」</font></a></li>\n </ul>\n</div>\n<div class=\"hr20\"></div>\n<div>\n <a target=\"_blank\" rel=\"nofollow\" href=\"https://mp.weixin.qq.com/s/S3jtisbmi-ZA0YDLDZKJCg\"><img src=\"https://download.chinakaoyan.com/wwwfile/2025/ke/20250808171711.png\"></a>\n</div>\n<div class=\"cont\" style=\"margin-top:-5px;margin-bottom:5px;\">\n 　\n <p><strong>明日（12月11日），研招网将开通下载《准考证》功能，研考生可凭网报用户名和密码自行下载《准考证》。下载《准考证》有哪些步骤？可能会遇到哪些问题？一起来看。</strong></p>\n <p><strong>小编提醒：</strong></p>\n <p>1.下载功能开通当天访问用户较多，建议大家错开高峰下载，此功能将持续开通，直到初试结束。</p>\n <p>2.为保证下载后的准考证信息正常显示，建议重新下载PDF文件阅读器查看。此外，建议下载时勿使用下载工具，选择“另存为”的方式下载。</p>\n <p>3.下载PDF格式准考证后直接打印即可，请勿转换文件格式等。</p>\n <p><strong>第一步：登录研招网</strong><br>\n   要用你网上报名时的账号和密码登录！</p>\n <p><strong>忘记了密码，解决办法看这里：找回密码</strong></p>\n <p>进入研招网报平台首页后，你将看到初试时间提醒、考场规则等内容，这个页面上的提示要认真阅读！</p>\n <p>点击“我已阅读并承诺遵守”按钮后，进入省级教育招生考试机构公告页面。</p>\n <p><strong>第二步：认真仔细阅读省级教育招生考试机构公告内容，并按照公告提示提前做好考试准备。</strong></p><font color=\"#000000\">步骤</font><a><font color=\"#000000\">图片详见原文</font>：</a><a target=\"_blank\" rel=\"nofollow\" href=\"https://mp.weixin.qq.com/s/3HCe_ZsHts-8ouhaLoiKBQ\"></a><a></a><font color=\"#008080\"><a></a>https://mp.weixin.qq.com/s/3HCe_ZsHts-8ouhaLoiKBQ</font>\n <p>注：</p>\n <p>1、公告内容为省级教育招生考试机构发布，如有疑问，请咨询报考点所在省级教育招生考试机构。</p>\n <p>2、请考生关注需要下载的附件，注意附件说明，有些附件需要打印填写后带至考场上交（附件说明由各省填写）。</p>\n <p>各位考生请注意，这个页面上的提示一定要认真阅读，然后勾选“我已阅读并承诺遵守”后，再点击“下载PDF格式准考证”的按钮。</p>\n <p>第三步：成功下载PDF格式准考证<br>\n   下载《准考证》后，建议考生多处备份，包括复印件和电子版，做好准备，初试和复试都将用到准考证。</p>\n <p><strong>考生请注意：</strong></p>\n <p>1.《准考证》由考生使用A4幅面白纸在规定时间内上网自行下载打印。《准考证》正、反两面在使用期间不得涂改或书写。考生凭下载打印的《准考证》及有效居民身份证参加考试初试和复试 。</p>\n <p>2.考生凭本人《准考证》及有效居民身份证按规定时间进入考场，对号入座。入座后将上述证件放在桌面左上角，以便核验。</p>\n <p>3.考试地点由报考点指定。考生应在考前了解考试地点及考场有关注意事项。</p>\n <p>下载《准考证》时你可能遇到的问题：</p>\n <p>1、下载后的准考证考试地点内容为“无”怎么办？</p>\n <p>建议与报考点或报考点所在地省级教育招生考试机构联系咨询。</p>\n <p>2、下载准考证时，提示“未进行网上确认或未被招生单位准考，请与报考点或招生单位联系。”是怎么回事？</p>\n <p>建议与报考点或者招生单位联系核实准考具体信息。</p>\n <p>3、下载后的准考证信息显示空白等异常？</p>\n <p>建议重新下载PDF文件阅读器查看。此外，建议下载时勿使用下载工具，可选择“另存为”的方式下载。</p>\n <p>下载PDF格式准考证后直接打印即可，请勿转换文件格式等。</p>\n <p>4、准考证可以重复下载吗？</p>\n <p>准考证下载期间，下载次数没有限制，下载后请妥善保管。</p>\n <p>5、准考证上没显示具体考场和座位号怎么办？</p>\n <p>准考证上一般会显示考试时间和考试地点，考场和座位号信息由报考点根据实际情况，确定是否在准考证上体现。</p>\n <p>如准考证上没有考场和座位号信息，你可咨询报考点或其所在省级教育招生考试机构如何获取对应信息。</p>\n <p>6、准考证上信息和报考信息不一致是否可以修改？</p>\n <p>网报结束后，考生不得修改报名信息。如准考证信息与报名信息不符，建议您在准考证下载时间内，及时联系报考点或招生单位反馈。</p>\n <p>祝大家考试顺利！</p>\n</div>', 'zhaoshengjianzhang', NULL, 0, 1, '2025-12-12 15:06:17', NULL, 0, '未知院校', '不限', 0);
INSERT INTO `yl_guide` VALUES (38, '2025年研考内蒙古包头市报名人数10252人', '<h1>2025年研考内蒙古包头市报名人数10252人</h1>\n<div class=\"time\" style=\"margin-top:5px;margin-bottom:10px;\">\n <a href=\"/info/list/ClassID/9.shtml\" target=\"_blank\" title=\"更多研招新闻相关内容列表\">研招新闻</a> 来源：网络整理 2024-12-10　\n</div>\n<div style=\"margin-top:10px;margin-bottom:0px;\">\n <div class=\"_4ezfie18m8i\"></div>\n</div>\n<div class=\"cont\" style=\"margin-top:5px;\">\n <ul>\n  <li><a rel=\"nofollow\" href=\"https://dl.koolearn.com/sXmT92X\" target=\"_blank\"><font color=\"#ff0000\">2026考研英语全程班 6班 </font></a></li>\n  <li><a rel=\"nofollow\" href=\"https://tgc.orangevip.com/releasehtml/index756.html?jt_site_id=32431&amp;source=0\" target=\"_blank\"><font color=\"#ff0000\">26考研全科上岸规划营「择校&#x25aa;规划&#x25aa;备考」</font></a></li>\n  <li><a href=\"/note/SchoolShow/id/.shtml\" target=\"_blank\" title=\"考研资料\"><font color=\"#ff0000\">2026考研专业课复习资料「真题&#x25aa;笔记&#x25aa;讲义&#x25aa;题库」</font></a></li>\n </ul>\n</div>\n<div class=\"hr20\"></div>\n<div>\n <a target=\"_blank\" rel=\"nofollow\" href=\"https://mp.weixin.qq.com/s/S3jtisbmi-ZA0YDLDZKJCg\"><img src=\"https://download.chinakaoyan.com/wwwfile/2025/ke/20250808171711.png\"></a>\n</div>\n<div class=\"cont\" style=\"margin-top:-5px;margin-bottom:5px;\">\n 　\n <p>2025年全国硕士研究生招生考试(初试)将于2024年12月21日至22日举行。包头市10252人报名，考生报考院校达到508所，其中涉及自命题的高校449所。</p>\n</div>', 'zhaoshengjianzhang', NULL, 0, 1, '2025-12-12 15:06:17', NULL, 0, '未知院校', '不限', 0);
INSERT INTO `yl_guide` VALUES (39, '东北地区“国优计划”研究生培养共同体成立', '<h1>东北地区“国优计划”研究生培养共同体成立</h1>\n<div class=\"time\" style=\"margin-top:5px;margin-bottom:10px;\">\n <a href=\"/info/list/ClassID/9.shtml\" target=\"_blank\" title=\"更多研招新闻相关内容列表\">研招新闻</a> 来源：教育部 2024-12-03　\n</div>\n<div style=\"margin-top:10px;margin-bottom:0px;\">\n <div class=\"_4ezfie18m8i\"></div>\n</div>\n<div class=\"cont\" style=\"margin-top:5px;\">\n <ul>\n  <li><a rel=\"nofollow\" href=\"https://dl.koolearn.com/sXmT92X\" target=\"_blank\"><font color=\"#ff0000\">2026考研英语全程班 6班 </font></a></li>\n  <li><a rel=\"nofollow\" href=\"https://tgc.orangevip.com/releasehtml/index756.html?jt_site_id=32431&amp;source=0\" target=\"_blank\"><font color=\"#ff0000\">26考研全科上岸规划营「择校&#x25aa;规划&#x25aa;备考」</font></a></li>\n  <li><a href=\"/note/SchoolShow/id/.shtml\" target=\"_blank\" title=\"考研资料\"><font color=\"#ff0000\">2026考研专业课复习资料「真题&#x25aa;笔记&#x25aa;讲义&#x25aa;题库」</font></a></li>\n </ul>\n</div>\n<div class=\"hr20\"></div>\n<div>\n <a target=\"_blank\" rel=\"nofollow\" href=\"https://mp.weixin.qq.com/s/S3jtisbmi-ZA0YDLDZKJCg\"><img src=\"https://download.chinakaoyan.com/wwwfile/2025/ke/20250808171711.png\"></a>\n</div>\n<div class=\"cont\" style=\"margin-top:-5px;margin-bottom:5px;\">\n 　\n <p>2024年7月以来，教育部深入推进实施国家优秀中小学教师培养计划(简称“国优计划”)，支持哈尔滨工业大学等13所高校开展第二批试点，并从支持跨校培养探索、畅通学生从教通道等方面进一步明确要求与政策支持。11月28日，哈尔滨工业大学、大连理工大学、吉林大学、东北师范大学四所试点高校在吉林长春成立东北地区“国优计划”研究生培养共同体，充分发挥高水平大学的学科专业优势和师范院校的教师教育优势，打造强强联合、协同育师的“国优计划”培养模式。教育部党组成员、副部长熊四皓出席成立会议并讲话。</p>\n <p>会议指出，深入推进实施“国优计划”是学习贯彻党的二十届三中全会和全国教育大会精神、推进落实教育强国建设规划纲要的重要举措，对于健全中国特色教师教育体系、弘扬教育家精神引导优秀人才从教、推动教育科技人才一体发展具有重要意义。要整合优质资源，加强校内协同、校际协同、校地协同，优化方案设计，开设特色课程，强化就业教育与从教指导，实现优质培养，切实为中小学输送优质师资。会议要求地方教育行政部门落实政策要求，支持“国优计划”研究生从教，勉励“国优计划”研究生努力提高教书育人本领，积极投身教育强国建设。</p>\n <p>教育部相关司局、东北地区“国优计划”试点高校、东北三省教育行政部门负责同志，“国优计划”教育实践基地学校代表及“国优计划”研究生代表等参加。</p>\n</div>', 'zhaoshengjianzhang', NULL, 0, 1, '2025-12-12 15:06:18', NULL, 0, '未知院校', '不限', 0);
INSERT INTO `yl_guide` VALUES (40, '2024研招复试调剂服务系统将于4月28日关闭', '<h1>2024研招复试调剂服务系统将于4月28日关闭</h1>\n<div class=\"time\" style=\"margin-top:5px;margin-bottom:10px;\">\n <a href=\"/info/list/ClassID/9.shtml\" target=\"_blank\" title=\"更多研招新闻相关内容列表\">研招新闻</a> 来源：研招网 2024-04-23　\n</div>\n<div style=\"margin-top:10px;margin-bottom:0px;\">\n <div class=\"_4ezfie18m8i\"></div>\n</div>\n<div class=\"cont\" style=\"margin-top:5px;\">\n <ul>\n  <li><a rel=\"nofollow\" href=\"https://dl.koolearn.com/sXmT92X\" target=\"_blank\"><font color=\"#ff0000\">2026考研英语全程班 6班 </font></a></li>\n  <li><a rel=\"nofollow\" href=\"https://tgc.orangevip.com/releasehtml/index756.html?jt_site_id=32431&amp;source=0\" target=\"_blank\"><font color=\"#ff0000\">26考研全科上岸规划营「择校&#x25aa;规划&#x25aa;备考」</font></a></li>\n  <li><a href=\"/note/SchoolShow/id/.shtml\" target=\"_blank\" title=\"考研资料\"><font color=\"#ff0000\">2026考研专业课复习资料「真题&#x25aa;笔记&#x25aa;讲义&#x25aa;题库」</font></a></li>\n </ul>\n</div>\n<div class=\"hr20\"></div>\n<div>\n <a target=\"_blank\" rel=\"nofollow\" href=\"https://mp.weixin.qq.com/s/S3jtisbmi-ZA0YDLDZKJCg\"><img src=\"https://download.chinakaoyan.com/wwwfile/2025/ke/20250808171711.png\"></a>\n</div>\n<div class=\"cont\" style=\"margin-top:-5px;margin-bottom:5px;\">\n 　\n <p>2024年研究生调剂工作已进入收尾阶段，根据各招生单位调剂工作安排，今年研招复试调剂服务系统将于4月28日关闭。</p>\n</div>', 'zhaoshengjianzhang', NULL, 0, 1, '2025-12-12 15:06:19', NULL, 0, '未知院校', '不限', 0);
INSERT INTO `yl_guide` VALUES (41, '守护梦想，各地各校在行动 | 2024研考', '<h1>守护梦想，各地各校在行动 | 2024研考</h1>\n<div class=\"time\" style=\"margin-top:5px;margin-bottom:10px;\">\n <a href=\"/info/list/ClassID/9.shtml\" target=\"_blank\" title=\"更多研招新闻相关内容列表\">研招新闻</a> 来源：微言教育 2023-12-26　\n</div>\n<div style=\"margin-top:10px;margin-bottom:0px;\">\n <div class=\"_4ezfie18m8i\"></div>\n</div>\n<div class=\"cont\" style=\"margin-top:5px;\">\n <ul>\n  <li><a rel=\"nofollow\" href=\"https://dl.koolearn.com/sXmT92X\" target=\"_blank\"><font color=\"#ff0000\">2026考研英语全程班 6班 </font></a></li>\n  <li><a rel=\"nofollow\" href=\"https://tgc.orangevip.com/releasehtml/index756.html?jt_site_id=32431&amp;source=0\" target=\"_blank\"><font color=\"#ff0000\">26考研全科上岸规划营「择校&#x25aa;规划&#x25aa;备考」</font></a></li>\n  <li><a href=\"/note/SchoolShow/id/.shtml\" target=\"_blank\" title=\"考研资料\"><font color=\"#ff0000\">2026考研专业课复习资料「真题&#x25aa;笔记&#x25aa;讲义&#x25aa;题库」</font></a></li>\n </ul>\n</div>\n<div class=\"hr20\"></div>\n<div>\n <a target=\"_blank\" rel=\"nofollow\" href=\"https://mp.weixin.qq.com/s/S3jtisbmi-ZA0YDLDZKJCg\"><img src=\"https://download.chinakaoyan.com/wwwfile/2025/ke/20250808171711.png\"></a>\n</div>\n<div class=\"cont\" style=\"margin-top:-5px;margin-bottom:5px;\">\n 　\n <p>2024年全国硕士研究生招生考试初试今日开考。考生们为梦想全力以赴的时候，各地各校也采取了系列举措，助力考生实现梦想。跟小编一起来看吉林、重庆、新疆的做法&#x2014;&#x2014;</p>\n <p><strong>吉林细致组考</strong></p>\n <p>针对东北严寒天气的实际情况，吉林省提前提醒考生做好防寒保暖，提前规划出行路线。为避免考生在寒冷的户外长时间等候，吉林省要求各考点积极做好考生入场引导，在确保考试安全的前提下，可根据实际情况适当允许考生提前进入考点考场。</p>\n <p>面对当前冬季呼吸道疾病高发情况，延边州积极协调卫健部门，配备15名医护人员、5辆120救护车，安排2所救治医院，2支专业医疗团队。每个考点常驻医护人员中确保有一人以上是呼吸道主治医生，考点配备了应急药物和相应仪器来应对突发情况。要求各考点做好防冻防寒防风措施，考点大门到考场的通道做好防滑处理，为提前到达考点的考生提供取暖休息场所，考点提供热水、暖贴等取暖物品，满足考生需求。</p>\n <p>在共有116名残障考生集中参加考试的长春大学考点，学校专门组织了30余名志愿服务人员和工作人员，“一对一”引导视障考生从校门进入考场，缩短考生在室外停留时间，为考生的安全保驾护航。在每个听障考场，配备一名手语翻译担任流动监考，为听障考生答疑解惑。</p>\n <p><strong>重庆暖心护考</strong></p>\n <p>重庆大学、四川外国语大学、重庆科技学院、重庆三峡学院、石柱中学等考点开放学生食堂给考生就餐和休息，还有红糖姜汤免费供应。</p>\n <p>万州区教育考试院联合医院会诊、为三级肢体残疾考生提供合理便利;南岸区教育考试中心为肩膀骨折考生特制矮桌;四川美术学院为长水痘考生制定特别方案，单设考场，考试期间有医护陪伴。</p>\n <p>四川外国语大学、重庆邮电大学、重庆理工大学等考点组织大量志愿者，助力考生存取随身物品，提供指引路线等温馨服务。</p>\n <p>陆军军医大学、长江师范学院、重庆第二师范学院、永川区考点、石柱县考点为考生开放暖气。璧山区考点配置安检专用站台，针对女生穿长靴可能影响安检的情况，设置换鞋处，提供保暖拖鞋。</p>\n <p>此外，重庆各考点全部配齐、配足智能安检门和5G信号屏蔽仪，合理设置安检通道、手机存放区和考生候考区域，制定安检方案、增派安检人员，确保考生安检顺畅不拥挤。</p>\n <p><strong>新疆提前备“考”</strong></p>\n <p>新疆各地各部门开展了考前各项准备工作。克孜勒苏柯尔克孜自治州考区开展防震应急疏散演练活动。克州阿图什市发生5.5级地震后，阿图什市第一中学考点及时组织开展2024年研究生考试专项防震应急疏散演练，全体考务工作人员参与演练。</p>\n <p>新疆多地气温已下降至零下20摄氏度。为减少极端天气对研考组考、考生赴考等带来的不利影响，奎屯市考区各考点及时清理路面积雪、积冰，将候考区设置在体育馆内，体育馆可容纳考生2000余人。</p>\n <p>吐鲁番市考区协调相关成员单位全力维护研考期间考点周边治安和交通安全秩序。持续加大考点周边环境噪音监测整治，全力开展考点线路检修和电力保障，全方位开展信号监测工作。</p>\n <p>新疆艺术学院考点针对跨校区考生，统一安排接送车辆，做到不漏一人，保障考生顺利抵达考点。针对低温雨雪冰冻等极端天气，学校设置室内候考区、临时休息区，引导考生错峰、快速进入考点，同时增设备用考场、备足口罩及相关应急药品。</p>\n</div>', 'zhaoshengjianzhang', NULL, 0, 1, '2025-12-12 15:06:19', NULL, 0, '未知院校', '不限', 0);
INSERT INTO `yl_guide` VALUES (42, '你全力以赴，我全力以“护” | 2024研考', '<h1>你全力以赴，我全力以“护” | 2024研考</h1>\n<div class=\"time\" style=\"margin-top:5px;margin-bottom:10px;\">\n <a href=\"/info/list/ClassID/9.shtml\" target=\"_blank\" title=\"更多研招新闻相关内容列表\">研招新闻</a> 来源：微言教育 2023-12-26　\n</div>\n<div style=\"margin-top:10px;margin-bottom:0px;\">\n <div class=\"_4ezfie18m8i\"></div>\n</div>\n<div class=\"cont\" style=\"margin-top:5px;\">\n <ul>\n  <li><a rel=\"nofollow\" href=\"https://dl.koolearn.com/sXmT92X\" target=\"_blank\"><font color=\"#ff0000\">2026考研英语全程班 6班 </font></a></li>\n  <li><a rel=\"nofollow\" href=\"https://tgc.orangevip.com/releasehtml/index756.html?jt_site_id=32431&amp;source=0\" target=\"_blank\"><font color=\"#ff0000\">26考研全科上岸规划营「择校&#x25aa;规划&#x25aa;备考」</font></a></li>\n  <li><a href=\"/note/SchoolShow/id/.shtml\" target=\"_blank\" title=\"考研资料\"><font color=\"#ff0000\">2026考研专业课复习资料「真题&#x25aa;笔记&#x25aa;讲义&#x25aa;题库」</font></a></li>\n </ul>\n</div>\n<div class=\"hr20\"></div>\n<div>\n <a target=\"_blank\" rel=\"nofollow\" href=\"https://mp.weixin.qq.com/s/S3jtisbmi-ZA0YDLDZKJCg\"><img src=\"https://download.chinakaoyan.com/wwwfile/2025/ke/20250808171711.png\"></a>\n</div>\n<div class=\"cont\" style=\"margin-top:-5px;margin-bottom:5px;\">\n 　\n <p>2024年全国硕士研究生招生考试初试正在进行中，考研学子们一步一个脚印，踏上了通往梦想的道路;各高校也全力以赴，为考生做好服务保障工作，一起到现场看看他们的身影&#x2014;&#x2014;</p>\n <p>清华大学</p>\n <p>今年共有2万余名考生</p>\n <p>报考清华大学硕士研究生</p>\n <p>其中5500余名考生</p>\n <p>在清华大学考点参加考试</p>\n <p>全校近600教职工参与</p>\n <p>本次考试的各项组织</p>\n <p>保障工作</p>\n <p>共同为考研学子保驾护航</p>\n <p>西安交通大学</p>\n <p>西安交通大学设立</p>\n <p>兴庆、雁塔两个考区</p>\n <p>安排标准化考场250个</p>\n <p>承担8000余名考生的</p>\n <p>考试组织工作</p>\n <p>甘肃省地震发生后</p>\n <p>学校安排专人</p>\n <p>主动与报考的9名灾区考生</p>\n <p>取得联系</p>\n <p>了解考生生活和备考情况</p>\n <p>鼓励考生积极应考</p>\n <p>中国石油大学(北京)</p>\n <p>中石大2024年硕士研究生</p>\n <p>报考人数6901人</p>\n <p>在中石大考点参加考试的</p>\n <p>有2077人</p>\n <p>学校严格落实</p>\n <p>考点组织工作要求</p>\n <p>最大化为考生提供便利服务</p>\n <p>来源 |综合自教育政务新媒体联盟成员单位清华大学、中国石油大学(北京)微信号，西安交通大学新闻网</p>\n</div>', 'zhaoshengjianzhang', NULL, 0, 1, '2025-12-12 15:06:20', NULL, 0, '未知院校', '不限', 0);
INSERT INTO `yl_guide` VALUES (43, '2024考研今日开考！全国438万人报名！', '<h1>2024考研今日开考！全国438万人报名！</h1>\n<div class=\"time\" style=\"margin-top:5px;margin-bottom:10px;\">\n <a href=\"/info/list/ClassID/9.shtml\" target=\"_blank\" title=\"更多研招新闻相关内容列表\">研招新闻</a> 来源：网络整理 2023-12-23　\n</div>\n<div style=\"margin-top:10px;margin-bottom:0px;\">\n <div class=\"_4ezfie18m8i\"></div>\n</div>\n<div class=\"cont\" style=\"margin-top:5px;\">\n <ul>\n  <li><a rel=\"nofollow\" href=\"https://dl.koolearn.com/sXmT92X\" target=\"_blank\"><font color=\"#ff0000\">2026考研英语全程班 6班 </font></a></li>\n  <li><a rel=\"nofollow\" href=\"https://tgc.orangevip.com/releasehtml/index756.html?jt_site_id=32431&amp;source=0\" target=\"_blank\"><font color=\"#ff0000\">26考研全科上岸规划营「择校&#x25aa;规划&#x25aa;备考」</font></a></li>\n  <li><a href=\"/note/SchoolShow/id/.shtml\" target=\"_blank\" title=\"考研资料\"><font color=\"#ff0000\">2026考研专业课复习资料「真题&#x25aa;笔记&#x25aa;讲义&#x25aa;题库」</font></a></li>\n </ul>\n</div>\n<div class=\"hr20\"></div>\n<div>\n <a target=\"_blank\" rel=\"nofollow\" href=\"https://mp.weixin.qq.com/s/S3jtisbmi-ZA0YDLDZKJCg\"><img src=\"https://download.chinakaoyan.com/wwwfile/2025/ke/20250808171711.png\"></a>\n</div>\n<div class=\"cont\" style=\"margin-top:-5px;margin-bottom:5px;\">\n 　\n <p>2024年全国硕士研究生招生考试初试定于2023年12月23日至24日，考试时间超过3小时或有使用画板等特殊要求的少数考试科目安排在12月25日。</p>\n <p>据研招网数据统计，2024年全国硕士研究生招生考试报名人数为438万。这一数据引发广泛热议。近年来，考研报名人数持续增加，教育部数据显示，2021年和2022年的考研报名人数分别为377万人和457万人，2023年增至474万人，创下新高。而2024年考研报名人数有所回落，较上一年减少36万人，系三年来首次下降。</p>\n <p><strong>研究生考试初试科目</strong></p>\n <p>初试方式均为笔试。</p>\n <p>12月23日上午 思想政治理论、管理类综合能力</p>\n <p>12月23日下午 外国语</p>\n <p>12月24日上午 业务课一</p>\n <p>12月24日下午 业务课二</p>\n <p>12月25日上午业务课二(考试时间超过3小时或有使用画板等特殊要求的)</p>\n <p>每科考试时间一般为3小时;建筑设计等安排在12月25日考试的特殊科目考试时间最长不超过6小时。详细考试时间、考试科目及有关要求等由考点和招生单位予以公布。<br></p>\n</div>', 'zhaoshengjianzhang', NULL, 1, 1, '2025-12-12 15:06:21', NULL, 0, '未知院校', '不限', 0);
INSERT INTO `yl_guide` VALUES (44, '聚焦2024研考，最新信息汇总', '<h1>聚焦2024研考，最新信息汇总</h1>\n<div class=\"time\" style=\"margin-top:5px;margin-bottom:10px;\">\n <a href=\"/info/list/ClassID/9.shtml\" target=\"_blank\" title=\"更多研招新闻相关内容列表\">研招新闻</a> 来源：中国教育新闻网 2023-12-22　\n</div>\n<div style=\"margin-top:10px;margin-bottom:0px;\">\n <div class=\"_4ezfie18m8i\"></div>\n</div>\n<div class=\"cont\" style=\"margin-top:5px;\">\n <ul>\n  <li><a rel=\"nofollow\" href=\"https://dl.koolearn.com/sXmT92X\" target=\"_blank\"><font color=\"#ff0000\">2026考研英语全程班 6班 </font></a></li>\n  <li><a rel=\"nofollow\" href=\"https://tgc.orangevip.com/releasehtml/index756.html?jt_site_id=32431&amp;source=0\" target=\"_blank\"><font color=\"#ff0000\">26考研全科上岸规划营「择校&#x25aa;规划&#x25aa;备考」</font></a></li>\n  <li><a href=\"/note/SchoolShow/id/.shtml\" target=\"_blank\" title=\"考研资料\"><font color=\"#ff0000\">2026考研专业课复习资料「真题&#x25aa;笔记&#x25aa;讲义&#x25aa;题库」</font></a></li>\n </ul>\n</div>\n<div class=\"hr20\"></div>\n<div>\n <a target=\"_blank\" rel=\"nofollow\" href=\"https://mp.weixin.qq.com/s/S3jtisbmi-ZA0YDLDZKJCg\"><img src=\"https://download.chinakaoyan.com/wwwfile/2025/ke/20250808171711.png\"></a>\n</div>\n<div class=\"cont\" style=\"margin-top:-5px;margin-bottom:5px;\">\n 　\n <p>2024年全国硕士研究生招生考试</p>\n <p>将于12月23日至25日举行。</p>\n <p>教育部要求全力做好</p>\n <p>2024年研考准备工作，</p>\n <p>实施暖心举措，优化考生服务，</p>\n <p>同时提醒广大考生诚信考试。</p>\n <p>考研在即，</p>\n <p>教育系统全力以赴</p>\n <p>护航学子逐梦答好特殊“考卷”。</p>\n <p><strong>具体内容一起来看↓</strong></p>\n <p><strong>教育部：全力做好2024年研考准备工作</strong></p>\n <p>实施更多暖心举措，优化考生服务</p>\n <p>教育部党组高度重视做好2024年全国研考组织工作。12月20日，教育部党组成员、副部长在北京调研指导2024年全国研考准备工作，并实地查看北京邮电大学考点。</p>\n <p>在调研中指出，2024年全国研考形势复杂严峻，特别是临近考试，全国多地出现雨雪天气，部分地区将经历强寒潮天气，甘肃、新疆等地发生地震，这些突发情况对研考组织工作带来新的挑战。要落实落细极端天气防范应对措施，全面强化风险隐患排查，对考试组织基础设施进行重点检查；强化试题试卷安全保密，严格考场秩序管理，切实落实考试安全各项措施；完善应急处置机制、畅通应急处置流程，全力做好应急处突工作；因地因校制宜，实施更多暖心举措，优化考生服务。</p>\n <p>北京市副市长介绍了北京市研考准备总体情况。北京市委、市政府高度重视，提级管理，全面加强统筹部署，压实工作责任，狠抓工作落实，细化考务管理，加强考生服务保障，推动各项考试工作落实落细。（中国教育报记者高毅哲）</p>\n <p><strong>教育部提醒广大考生诚信考试</strong></p>\n <p><strong>附2024年研考举报电话</strong></p>\n <p>2024年全国硕士研究生招生考试将于12月23日至25日举行。近日，教育部会同公安部等部门联合部署各地开展打击作弊专项行动，依法严惩组织考试作弊及非法生产、销售窃听窃照专用器材违法犯罪人员，全力维护考试公平公正。</p>\n <p>为严厉惩治考试作弊犯罪，刑法修正案（九）增设了组织考试作弊罪、非法出售、提供试题、答案罪和代替考试罪。《最高人民法院、最高人民检察院关于办理组织考试作弊等刑事案件适用法律若干问题的解释》明确规定研究生招生考试为法律规定的国家考试；非法出售或者提供研究生招生考试的试题、答案的，应认定为“情节严重”，处三年以上七年以下有期徒刑，并处罚金；代替他人或者让他人代替自己参加法律规定的国家考试的，以代替考试罪定罪处罚。《国家教育考试违规处理办法》明确规定，考生存在相关考试违纪行为的，取消该科目的考试成绩；考生存在相关考试作弊行为的，其所报名参加考试的各阶段、各科成绩无效。</p>\n <p>诚信考试是每名考生应该严格遵守的准则和应尽的义务。教育部提醒广大考生，要知法守法，诚信应考，用诚信、知识、能力书写答卷。要遵守考试纪律，不携带手机等违禁物品进入考场，不心存侥幸替他人或者让他人代替自己参加考试，不参与涉考违法犯罪活动；要服从监考人员管理，主动接受身份核验和考试违禁物品检查；要擦亮眼睛，勿存作弊侥幸心理，勿信“包过”“内部”“真题”等不实信息，勿入“助考”骗局。考生如发现违规违法等行为，可向省考试院举报并提供有效线索。如遇诈骗，应及时向公安机关报案，维护自身合法权益。</p>\n <p>教育部和各省（区、市）教育招生考试机构将开通2024年研考举报电话，欢迎广大考生及社会各界人士及时举报反映有关问题线索。教育部及各省（区、市）将会同有关部门根据举报线索第一时间核查处理，坚决维护风清气正的研考环境。（中国教育报记者林焕新）</p>\n <p><strong>教育系统全力以赴保障考生顺利参加研考</strong></p><strong> </strong>\n <p><strong>答好特殊“考卷”护航学子逐梦</strong></p>\n <p>2024年全国研考在即，全国多地出现雨雪天气，部分地区将经历强寒潮天气，甘肃、新疆等地发生地震，这些突发情况给研考带来新的挑战。</p>\n <p>本周六，考生们就将奔赴考场，踏上逐梦之路。为了完成这场大考，教育系统和所有考生为了书写出更满意的“答卷”全力以赴。</p>\n <p><strong>天灾无情人有情</strong></p>\n <p>12月18日，一场突然袭来的6.2级地震，打乱了许多人的脚步。</p>\n <p>地震发生后，甘肃临夏积石山县多部门迅速启动应急救援，教育部门召开排查和调度协调工作会议，启动紧急预案。甘肃省教育厅指导临夏州教育局第一时间摸排临夏考点，对监考教师和考务人员及家属进行了仔细排查。同时，成立专班与参加考试的1240名积石山籍考生一一联系，确保他们能如期参加考试。</p>\n <p>青海省教育招生考试院第一时间逐一联系了户口或工作学习单位在海东市民和、循化两县的考生。为进一步做好因地震灾害可能影响正常参加考试考生的服务工作，青海省教育招生考试院将各报考点咨询求助电话予以公告，对受地震影响的考生进行登记。</p>\n <p>天灾无情，人间有爱。</p>\n <p>“请同学们相信，无论遇到什么困难，母校将永远是你们的坚强后盾。”在河北，河北经贸大学、河北工业大学、燕山大学、邯郸学院等多所大学第一时间发布通知，紧急开展地震受灾情况摸排工作，开启临时困难补助紧急绿色通道并开展专项资助，帮助因地震受灾致困学生渡过难关。</p>\n <p>全国多地高校明确表示，如学生家中因地震受灾导致家庭经济出现困难，可立即按应急程序申请学校临时困难补助，学校将第一时间安排资金，为考生们保驾护航。</p>\n <p>为了这场大考，教育部门全力以赴。</p>\n <p>上个月，教育部召开了2024年全国硕士研究生招生考试安全工作视频会议，全面动员和部署考试安全工作。12月20日，教育部党组成员、副部长在北京调研指导2024年全国研考准备工作，提出“要落实落细极端天气防范应对措施，全面强化风险隐患排查，对考试组织基础设施进行重点检查”“因地因校制宜，实施更多暖心举措，优化考生服务”。</p>\n <p>周密部署下，一幕幕暖心的故事在全国各地上演。</p>\n <p><strong>寒风凛冽人心暖</strong></p>\n <p>这两天，湖北、山东、吉林等多个省份的教育考试院陆续向考生发出提醒，发出《致2024年研考考生的一封信》，在严寒冬日为考生送去呵护。</p>\n <p>“根据气象台预报，受强冷空气影响，考试期间早晚温度较低，部分市县以多云阴天天气为主，局部有小雨。考生要多留意天气状况，做好防护准备，注意赴考安全。”考试将至，广大考生收到了广东省教育厅发布的《2024年全国硕士研究生招生考试温馨提示》，字里行间为考生周到考虑，温情满满。</p>\n <p>寒风呼啸，如何减少考生在凛冽天气中的等待时间？</p>\n <p>天津市开展“云端看考场”服务，提前3天发布所有考点的考场分布示意图，示意图中清晰标明校门、非考试用品放置区、安检区、考试区、候考区等位置及路线，考场分布表包含考场楼、考场号、教室等具体信息，帮助考生提前了解考场情况，快速顺畅地进行存包、安检、进入考试区域和考场。</p>\n <p>华东理工大学在各教学楼内免费供应姜茶、牛奶和点心；设置考生休息室；安排医生值班、准备常用退烧药物；制作考场及安检指引视频，通过学校和研究生院官微进行推送宣传，将流程可视化，方便考生做好考前各项准备工作。</p>\n <p>周到服务情谊长</p>\n <p><strong>临近研考，各所学校的暖心操作也不断上演。</strong></p>\n <p>就在这两天，四川大学准备了专属研考日历，考试当天，考虑到学生午休时间紧，还将专门提供“牛气节节高”等考研加油午餐。珠海科技学院的“考研大大大礼包”也悄悄送到了学生手上，给学生惊喜的同时为了尽量避免打扰学生，礼包均由教师在事先沟通好的时间地点送达……</p>\n <p>“没想到学校想得这么周到，感觉很暖心。”12月19日，一场降雪过后合肥迎来降温天气，安徽农业大学2020级金融专业的杨旭像往常一样起了个大早准备吃完早餐去复习，他惊喜地发现学校食堂开设了免费“爱心早餐”窗口。</p>\n <p>“同学你好，学校了解到你正在为了梦想而拼搏，为保障你合理膳食，学校已将考研补贴打入卡中。”吉林大学发给考生的短信令人心暖。“祝你金榜题名，一战成‘硕’”，这也是教育系统对每一位考生诚挚的祝愿。</p>\n <p>图文详情详见原文：<a target=\"_blank\" rel=\"nofollow\" href=\"https://mp.weixin.qq.com/s/vzPsVT41pWF8Z6EMPlJLLA\"><font color=\"#008080\">https://mp.weixin.qq.com/s/vzPsVT41pWF8Z6EMPlJLLA</font></a></p>\n</div>', 'zhaoshengjianzhang', NULL, 0, 1, '2025-12-12 15:06:21', NULL, 0, '未知院校', '不限', 0);
INSERT INTO `yl_guide` VALUES (45, '2026年研考中国科学技术大学619生物化学与分子生物学考试大纲', '<h1>2026年研考中国科学技术大学619生物化学与分子生物学考试大纲</h1>\n<div class=\"time\" style=\"margin-top:5px;margin-bottom:10px;\">\n <a href=\"/info/list/ClassID/97.shtml\" target=\"_blank\" title=\"更多2026考研大纲相关内容列表\">2026考研大纲</a> 来源：中国科学技术大学 2025-12-11　 相关院校：<a href=\"/graduate/grad/schoolID/330.shtml\" title=\"中国科学技术大学研究生院\" target=\"_blank\"><b>中国科学技术大学</b></a>\n</div>\n<div style=\"margin-top:10px;margin-bottom:0px;\">\n <div class=\"_4ezfie18m8i\"></div>\n</div>\n<div class=\"cont\" style=\"margin-top:5px;\">\n <ul>\n  <li><a rel=\"nofollow\" href=\"https://dl.koolearn.com/sXmT92X\" target=\"_blank\"><font color=\"#ff0000\">2026考研英语全程班 6班 </font></a></li>\n  <li><a rel=\"nofollow\" href=\"https://tgc.orangevip.com/releasehtml/index756.html?jt_site_id=32431&amp;source=0\" target=\"_blank\"><font color=\"#ff0000\">26考研全科上岸规划营「择校&#x25aa;规划&#x25aa;备考」</font></a></li>\n  <li><a href=\"/note/SchoolShow/id/330.shtml\" target=\"_blank\" title=\"中国科学技术大学考研资料\"><font color=\"#ff0000\">中国科学技术大学2026考研专业课复习资料「真题&#x25aa;笔记&#x25aa;讲义&#x25aa;题库」</font></a></li>\n </ul>\n</div>\n<div class=\"hr20\"></div>\n<div>\n <a target=\"_blank\" rel=\"nofollow\" href=\"https://mp.weixin.qq.com/s/S3jtisbmi-ZA0YDLDZKJCg\"><img src=\"https://download.chinakaoyan.com/wwwfile/2025/ke/20250808171711.png\"></a>\n</div>\n<div class=\"cont\" style=\"margin-top:-5px;margin-bottom:5px;\">\n 　\n <p>从中国科学技术大学研究生院获悉，2026年中国科大硕士招生考试部分科目考试大纲已发布，点击下载：<a title=\"619 生物化学与分子生物学.pdf\" rel=\"nofollow\" target=\"_blank\" href=\"https://yz.ustc.edu.cn//static/upload/article/ueditor/7c8ebfb5e23a4c4294b46b519ef58afa.pdf\"><font color=\"#008080\">619 生物化学与分子生物学</font></a></p>\n</div>', 'kaoshidagang', NULL, 0, 1, '2025-12-12 15:06:40', NULL, 0, '2026年研考中国科学技术大学', '不限', 0);
INSERT INTO `yl_guide` VALUES (46, '2026年研考中国科学技术大学618生理学考试大纲', '<h1>2026年研考中国科学技术大学618生理学考试大纲</h1>\n<div class=\"time\" style=\"margin-top:5px;margin-bottom:10px;\">\n <a href=\"/info/list/ClassID/97.shtml\" target=\"_blank\" title=\"更多2026考研大纲相关内容列表\">2026考研大纲</a> 来源：中国科学技术大学 2025-12-11　 相关院校：<a href=\"/graduate/grad/schoolID/330.shtml\" title=\"中国科学技术大学研究生院\" target=\"_blank\"><b>中国科学技术大学</b></a>\n</div>\n<div style=\"margin-top:10px;margin-bottom:0px;\">\n <div class=\"_4ezfie18m8i\"></div>\n</div>\n<div class=\"cont\" style=\"margin-top:5px;\">\n <ul>\n  <li><a rel=\"nofollow\" href=\"https://dl.koolearn.com/sXmT92X\" target=\"_blank\"><font color=\"#ff0000\">2026考研英语全程班 6班 </font></a></li>\n  <li><a rel=\"nofollow\" href=\"https://tgc.orangevip.com/releasehtml/index756.html?jt_site_id=32431&amp;source=0\" target=\"_blank\"><font color=\"#ff0000\">26考研全科上岸规划营「择校&#x25aa;规划&#x25aa;备考」</font></a></li>\n  <li><a href=\"/note/SchoolShow/id/330.shtml\" target=\"_blank\" title=\"中国科学技术大学考研资料\"><font color=\"#ff0000\">中国科学技术大学2026考研专业课复习资料「真题&#x25aa;笔记&#x25aa;讲义&#x25aa;题库」</font></a></li>\n </ul>\n</div>\n<div class=\"hr20\"></div>\n<div>\n <a target=\"_blank\" rel=\"nofollow\" href=\"https://mp.weixin.qq.com/s/S3jtisbmi-ZA0YDLDZKJCg\"><img src=\"https://download.chinakaoyan.com/wwwfile/2025/ke/20250808171711.png\"></a>\n</div>\n<div class=\"cont\" style=\"margin-top:-5px;margin-bottom:5px;\">\n 　\n <p>从中国科学技术大学研究生院获悉，2026年中国科大硕士招生考试部分科目考试大纲已发布，点击下载：<a title=\"618 生理学.pdf\" rel=\"nofollow\" target=\"_blank\" href=\"https://yz.ustc.edu.cn//static/upload/article/ueditor/98b1e0527ea449089abb400c2419e937.pdf\"><font color=\"#008080\">618 生理学</font></a></p>\n</div>', 'kaoshidagang', NULL, 0, 1, '2025-12-12 15:06:41', NULL, 0, '2026年研考中国科学技术大学', '不限', 0);
INSERT INTO `yl_guide` VALUES (47, '2026年研考中国科学技术大学617普通物理A考试大纲', '<h1>2026年研考中国科学技术大学617普通物理A考试大纲</h1>\n<div class=\"time\" style=\"margin-top:5px;margin-bottom:10px;\">\n <a href=\"/info/list/ClassID/97.shtml\" target=\"_blank\" title=\"更多2026考研大纲相关内容列表\">2026考研大纲</a> 来源：中国科学技术大学 2025-12-11　 相关院校：<a href=\"/graduate/grad/schoolID/330.shtml\" title=\"中国科学技术大学研究生院\" target=\"_blank\"><b>中国科学技术大学</b></a>\n</div>\n<div style=\"margin-top:10px;margin-bottom:0px;\">\n <div class=\"_4ezfie18m8i\"></div>\n</div>\n<div class=\"cont\" style=\"margin-top:5px;\">\n <ul>\n  <li><a rel=\"nofollow\" href=\"https://dl.koolearn.com/sXmT92X\" target=\"_blank\"><font color=\"#ff0000\">2026考研英语全程班 6班 </font></a></li>\n  <li><a rel=\"nofollow\" href=\"https://tgc.orangevip.com/releasehtml/index756.html?jt_site_id=32431&amp;source=0\" target=\"_blank\"><font color=\"#ff0000\">26考研全科上岸规划营「择校&#x25aa;规划&#x25aa;备考」</font></a></li>\n  <li><a href=\"/note/SchoolShow/id/330.shtml\" target=\"_blank\" title=\"中国科学技术大学考研资料\"><font color=\"#ff0000\">中国科学技术大学2026考研专业课复习资料「真题&#x25aa;笔记&#x25aa;讲义&#x25aa;题库」</font></a></li>\n </ul>\n</div>\n<div class=\"hr20\"></div>\n<div>\n <a target=\"_blank\" rel=\"nofollow\" href=\"https://mp.weixin.qq.com/s/S3jtisbmi-ZA0YDLDZKJCg\"><img src=\"https://download.chinakaoyan.com/wwwfile/2025/ke/20250808171711.png\"></a>\n</div>\n<div class=\"cont\" style=\"margin-top:-5px;margin-bottom:5px;\">\n 　\n <p>从中国科学技术大学研究生院获悉，2026年中国科大硕士招生考试部分科目考试大纲已发布，点击下载：<a title=\"617 普通物理A.pdf\" rel=\"nofollow\" target=\"_blank\" href=\"https://yz.ustc.edu.cn//static/upload/article/ueditor/fed0ede62eec4bb6aa94133586044b45.pdf\"><font color=\"#008080\">617 普通物理A</font></a></p>\n</div>', 'kaoshidagang', NULL, 0, 1, '2025-12-12 15:06:41', NULL, 0, '2026年研考中国科学技术大学', '不限', 0);
INSERT INTO `yl_guide` VALUES (48, '2026年研考中国科学技术大学614科技通史考试大纲', '<h1>2026年研考中国科学技术大学614科技通史考试大纲</h1>\n<div class=\"time\" style=\"margin-top:5px;margin-bottom:10px;\">\n <a href=\"/info/list/ClassID/97.shtml\" target=\"_blank\" title=\"更多2026考研大纲相关内容列表\">2026考研大纲</a> 来源：中国科学技术大学 2025-12-11　 相关院校：<a href=\"/graduate/grad/schoolID/330.shtml\" title=\"中国科学技术大学研究生院\" target=\"_blank\"><b>中国科学技术大学</b></a>\n</div>\n<div style=\"margin-top:10px;margin-bottom:0px;\">\n <div class=\"_4ezfie18m8i\"></div>\n</div>\n<div class=\"cont\" style=\"margin-top:5px;\">\n <ul>\n  <li><a rel=\"nofollow\" href=\"https://dl.koolearn.com/sXmT92X\" target=\"_blank\"><font color=\"#ff0000\">2026考研英语全程班 6班 </font></a></li>\n  <li><a rel=\"nofollow\" href=\"https://tgc.orangevip.com/releasehtml/index756.html?jt_site_id=32431&amp;source=0\" target=\"_blank\"><font color=\"#ff0000\">26考研全科上岸规划营「择校&#x25aa;规划&#x25aa;备考」</font></a></li>\n  <li><a href=\"/note/SchoolShow/id/330.shtml\" target=\"_blank\" title=\"中国科学技术大学考研资料\"><font color=\"#ff0000\">中国科学技术大学2026考研专业课复习资料「真题&#x25aa;笔记&#x25aa;讲义&#x25aa;题库」</font></a></li>\n </ul>\n</div>\n<div class=\"hr20\"></div>\n<div>\n <a target=\"_blank\" rel=\"nofollow\" href=\"https://mp.weixin.qq.com/s/S3jtisbmi-ZA0YDLDZKJCg\"><img src=\"https://download.chinakaoyan.com/wwwfile/2025/ke/20250808171711.png\"></a>\n</div>\n<div class=\"cont\" style=\"margin-top:-5px;margin-bottom:5px;\">\n 　\n <p>从中国科学技术大学研究生院获悉，2026年中国科大硕士招生考试部分科目考试大纲已发布，点击下载：<a title=\"614科技通史.pdf\" rel=\"nofollow\" target=\"_blank\" href=\"https://yz.ustc.edu.cn//static/upload/article/ueditor/2fee80bdc6c54ffb81c2e4fb744250e9.pdf\"><font color=\"#008080\">614 科技通史</font></a></p>\n</div>', 'kaoshidagang', NULL, 0, 1, '2025-12-12 15:06:42', NULL, 0, '2026年研考中国科学技术大学', '不限', 0);
INSERT INTO `yl_guide` VALUES (49, '2026年研考中国科学技术大学613科技史议论文考试大纲', '<h1>2026年研考中国科学技术大学613科技史议论文考试大纲</h1>\n<div class=\"time\" style=\"margin-top:5px;margin-bottom:10px;\">\n <a href=\"/info/list/ClassID/97.shtml\" target=\"_blank\" title=\"更多2026考研大纲相关内容列表\">2026考研大纲</a> 来源：中国科学技术大学 2025-12-11　 相关院校：<a href=\"/graduate/grad/schoolID/330.shtml\" title=\"中国科学技术大学研究生院\" target=\"_blank\"><b>中国科学技术大学</b></a>\n</div>\n<div style=\"margin-top:10px;margin-bottom:0px;\">\n <div class=\"_4ezfie18m8i\"></div>\n</div>\n<div class=\"cont\" style=\"margin-top:5px;\">\n <ul>\n  <li><a rel=\"nofollow\" href=\"https://dl.koolearn.com/sXmT92X\" target=\"_blank\"><font color=\"#ff0000\">2026考研英语全程班 6班 </font></a></li>\n  <li><a rel=\"nofollow\" href=\"https://tgc.orangevip.com/releasehtml/index756.html?jt_site_id=32431&amp;source=0\" target=\"_blank\"><font color=\"#ff0000\">26考研全科上岸规划营「择校&#x25aa;规划&#x25aa;备考」</font></a></li>\n  <li><a href=\"/note/SchoolShow/id/330.shtml\" target=\"_blank\" title=\"中国科学技术大学考研资料\"><font color=\"#ff0000\">中国科学技术大学2026考研专业课复习资料「真题&#x25aa;笔记&#x25aa;讲义&#x25aa;题库」</font></a></li>\n </ul>\n</div>\n<div class=\"hr20\"></div>\n<div>\n <a target=\"_blank\" rel=\"nofollow\" href=\"https://mp.weixin.qq.com/s/S3jtisbmi-ZA0YDLDZKJCg\"><img src=\"https://download.chinakaoyan.com/wwwfile/2025/ke/20250808171711.png\"></a>\n</div>\n<div class=\"cont\" style=\"margin-top:-5px;margin-bottom:5px;\">\n 　\n <p>从中国科学技术大学研究生院获悉，2026年中国科大硕士招生考试部分科目考试大纲已发布，点击下载：<a title=\"613科技史议论文.pdf\" rel=\"nofollow\" target=\"_blank\" href=\"https://yz.ustc.edu.cn//static/upload/article/ueditor/79d90749183046009ab18980f96dd9a1.pdf\"><font color=\"#008080\">613 科技史议论文</font></a></p>\n</div>', 'kaoshidagang', NULL, 0, 1, '2025-12-12 15:06:43', NULL, 0, '2026年研考中国科学技术大学', '不限', 0);
INSERT INTO `yl_guide` VALUES (50, '2026年研考中国科学技术大学440新闻与传播专业基础考试大纲', '<h1>2026年研考中国科学技术大学440新闻与传播专业基础考试大纲</h1>\n<div class=\"time\" style=\"margin-top:5px;margin-bottom:10px;\">\n <a href=\"/info/list/ClassID/97.shtml\" target=\"_blank\" title=\"更多2026考研大纲相关内容列表\">2026考研大纲</a> 来源：中国科学技术大学 2025-12-11　 相关院校：<a href=\"/graduate/grad/schoolID/330.shtml\" title=\"中国科学技术大学研究生院\" target=\"_blank\"><b>中国科学技术大学</b></a>\n</div>\n<div style=\"margin-top:10px;margin-bottom:0px;\">\n <div class=\"_4ezfie18m8i\"></div>\n</div>\n<div class=\"cont\" style=\"margin-top:5px;\">\n <ul>\n  <li><a rel=\"nofollow\" href=\"https://dl.koolearn.com/sXmT92X\" target=\"_blank\"><font color=\"#ff0000\">2026考研英语全程班 6班 </font></a></li>\n  <li><a rel=\"nofollow\" href=\"https://tgc.orangevip.com/releasehtml/index756.html?jt_site_id=32431&amp;source=0\" target=\"_blank\"><font color=\"#ff0000\">26考研全科上岸规划营「择校&#x25aa;规划&#x25aa;备考」</font></a></li>\n  <li><a href=\"/note/SchoolShow/id/330.shtml\" target=\"_blank\" title=\"中国科学技术大学考研资料\"><font color=\"#ff0000\">中国科学技术大学2026考研专业课复习资料「真题&#x25aa;笔记&#x25aa;讲义&#x25aa;题库」</font></a></li>\n </ul>\n</div>\n<div class=\"hr20\"></div>\n<div>\n <a target=\"_blank\" rel=\"nofollow\" href=\"https://mp.weixin.qq.com/s/S3jtisbmi-ZA0YDLDZKJCg\"><img src=\"https://download.chinakaoyan.com/wwwfile/2025/ke/20250808171711.png\"></a>\n</div>\n<div class=\"cont\" style=\"margin-top:-5px;margin-bottom:5px;\">\n 　\n <p>从中国科学技术大学研究生院获悉，2026年中国科大硕士招生考试部分科目考试大纲已发布，点击下载：<a title=\"440新闻与传播专业基础.pdf\" rel=\"nofollow\" target=\"_blank\" href=\"https://yz.ustc.edu.cn//static/upload/article/ueditor/8672cdcd790f47ca82a8bc8a962c9bcf.pdf\"><font color=\"#008080\">440 新闻与传播专业基础</font></a></p>\n</div>', 'kaoshidagang', NULL, 0, 1, '2025-12-12 15:06:43', NULL, 0, '2026年研考中国科学技术大学', '不限', 0);
INSERT INTO `yl_guide` VALUES (51, '2026年研考中国科学技术大学432统计学考试大纲', '<h1>2026年研考中国科学技术大学432统计学考试大纲</h1>\n<div class=\"time\" style=\"margin-top:5px;margin-bottom:10px;\">\n <a href=\"/info/list/ClassID/97.shtml\" target=\"_blank\" title=\"更多2026考研大纲相关内容列表\">2026考研大纲</a> 来源：中国科学技术大学 2025-12-11　 相关院校：<a href=\"/graduate/grad/schoolID/330.shtml\" title=\"中国科学技术大学研究生院\" target=\"_blank\"><b>中国科学技术大学</b></a>\n</div>\n<div style=\"margin-top:10px;margin-bottom:0px;\">\n <div class=\"_4ezfie18m8i\"></div>\n</div>\n<div class=\"cont\" style=\"margin-top:5px;\">\n <ul>\n  <li><a rel=\"nofollow\" href=\"https://dl.koolearn.com/sXmT92X\" target=\"_blank\"><font color=\"#ff0000\">2026考研英语全程班 6班 </font></a></li>\n  <li><a rel=\"nofollow\" href=\"https://tgc.orangevip.com/releasehtml/index756.html?jt_site_id=32431&amp;source=0\" target=\"_blank\"><font color=\"#ff0000\">26考研全科上岸规划营「择校&#x25aa;规划&#x25aa;备考」</font></a></li>\n  <li><a href=\"/note/SchoolShow/id/330.shtml\" target=\"_blank\" title=\"中国科学技术大学考研资料\"><font color=\"#ff0000\">中国科学技术大学2026考研专业课复习资料「真题&#x25aa;笔记&#x25aa;讲义&#x25aa;题库」</font></a></li>\n </ul>\n</div>\n<div class=\"hr20\"></div>\n<div>\n <a target=\"_blank\" rel=\"nofollow\" href=\"https://mp.weixin.qq.com/s/S3jtisbmi-ZA0YDLDZKJCg\"><img src=\"https://download.chinakaoyan.com/wwwfile/2025/ke/20250808171711.png\"></a>\n</div>\n<div class=\"cont\" style=\"margin-top:-5px;margin-bottom:5px;\">\n 　\n <p>从中国科学技术大学研究生院获悉，2026年中国科大硕士招生考试部分科目考试大纲已发布，点击下载：<a title=\"432统计学.pdf\" rel=\"nofollow\" target=\"_blank\" href=\"https://yz.ustc.edu.cn//static/upload/article/ueditor/e46ee8c77b754548b9f1eadaa3278b21.pdf\"><font color=\"#008080\">432 统计学</font></a></p>\n</div>', 'kaoshidagang', NULL, 0, 1, '2025-12-12 15:06:44', NULL, 0, '2026年研考中国科学技术大学', '不限', 0);
INSERT INTO `yl_guide` VALUES (52, '2026年研考中国科学技术大学431金融学综合能力考试大纲', '<h1>2026年研考中国科学技术大学431金融学综合能力考试大纲</h1>\n<div class=\"time\" style=\"margin-top:5px;margin-bottom:10px;\">\n <a href=\"/info/list/ClassID/97.shtml\" target=\"_blank\" title=\"更多2026考研大纲相关内容列表\">2026考研大纲</a> 来源：中国科学技术大学 2025-12-11　 相关院校：<a href=\"/graduate/grad/schoolID/330.shtml\" title=\"中国科学技术大学研究生院\" target=\"_blank\"><b>中国科学技术大学</b></a>\n</div>\n<div style=\"margin-top:10px;margin-bottom:0px;\">\n <div class=\"_4ezfie18m8i\"></div>\n</div>\n<div class=\"cont\" style=\"margin-top:5px;\">\n <ul>\n  <li><a rel=\"nofollow\" href=\"https://dl.koolearn.com/sXmT92X\" target=\"_blank\"><font color=\"#ff0000\">2026考研英语全程班 6班 </font></a></li>\n  <li><a rel=\"nofollow\" href=\"https://tgc.orangevip.com/releasehtml/index756.html?jt_site_id=32431&amp;source=0\" target=\"_blank\"><font color=\"#ff0000\">26考研全科上岸规划营「择校&#x25aa;规划&#x25aa;备考」</font></a></li>\n  <li><a href=\"/note/SchoolShow/id/330.shtml\" target=\"_blank\" title=\"中国科学技术大学考研资料\"><font color=\"#ff0000\">中国科学技术大学2026考研专业课复习资料「真题&#x25aa;笔记&#x25aa;讲义&#x25aa;题库」</font></a></li>\n </ul>\n</div>\n<div class=\"hr20\"></div>\n<div>\n <a target=\"_blank\" rel=\"nofollow\" href=\"https://mp.weixin.qq.com/s/S3jtisbmi-ZA0YDLDZKJCg\"><img src=\"https://download.chinakaoyan.com/wwwfile/2025/ke/20250808171711.png\"></a>\n</div>\n<div class=\"cont\" style=\"margin-top:-5px;margin-bottom:5px;\">\n 　\n <p>从中国科学技术大学研究生院获悉，2026年中国科大硕士招生考试部分科目考试大纲已发布，点击下载：<a title=\"431金融学综合 更正版.pdf\" rel=\"nofollow\" target=\"_blank\" href=\"https://yz.ustc.edu.cn//static/upload/article/ueditor/62a3032aa18844a2a6416d55f8016298.pdf\"><font color=\"#008080\">431 金融学综合</font></a></p>\n</div>', 'kaoshidagang', NULL, 0, 1, '2025-12-12 15:06:44', NULL, 0, '2026年研考中国科学技术大学', '不限', 0);
INSERT INTO `yl_guide` VALUES (53, '2026年研考中国科学技术大学338生物化学考试大纲', '<h1>2026年研考中国科学技术大学338生物化学考试大纲</h1>\n<div class=\"time\" style=\"margin-top:5px;margin-bottom:10px;\">\n <a href=\"/info/list/ClassID/97.shtml\" target=\"_blank\" title=\"更多2026考研大纲相关内容列表\">2026考研大纲</a> 来源：中国科学技术大学 2025-12-11　 相关院校：<a href=\"/graduate/grad/schoolID/330.shtml\" title=\"中国科学技术大学研究生院\" target=\"_blank\"><b>中国科学技术大学</b></a>\n</div>\n<div style=\"margin-top:10px;margin-bottom:0px;\">\n <div class=\"_4ezfie18m8i\"></div>\n</div>\n<div class=\"cont\" style=\"margin-top:5px;\">\n <ul>\n  <li><a rel=\"nofollow\" href=\"https://dl.koolearn.com/sXmT92X\" target=\"_blank\"><font color=\"#ff0000\">2026考研英语全程班 6班 </font></a></li>\n  <li><a rel=\"nofollow\" href=\"https://tgc.orangevip.com/releasehtml/index756.html?jt_site_id=32431&amp;source=0\" target=\"_blank\"><font color=\"#ff0000\">26考研全科上岸规划营「择校&#x25aa;规划&#x25aa;备考」</font></a></li>\n  <li><a href=\"/note/SchoolShow/id/330.shtml\" target=\"_blank\" title=\"中国科学技术大学考研资料\"><font color=\"#ff0000\">中国科学技术大学2026考研专业课复习资料「真题&#x25aa;笔记&#x25aa;讲义&#x25aa;题库」</font></a></li>\n </ul>\n</div>\n<div class=\"hr20\"></div>\n<div>\n <a target=\"_blank\" rel=\"nofollow\" href=\"https://mp.weixin.qq.com/s/S3jtisbmi-ZA0YDLDZKJCg\"><img src=\"https://download.chinakaoyan.com/wwwfile/2025/ke/20250808171711.png\"></a>\n</div>\n<div class=\"cont\" style=\"margin-top:-5px;margin-bottom:5px;\">\n 　\n <p>从中国科学技术大学研究生院获悉，2026年中国科大硕士招生考试部分科目考试大纲已发布，点击下载：<a title=\"338 生物化学.pdf\" rel=\"nofollow\" target=\"_blank\" href=\"https://yz.ustc.edu.cn//static/upload/article/ueditor/453f472db58f474cab358fb98c6ca138.pdf\"><font color=\"#008080\">338 生物化学</font></a></p>\n</div>', 'kaoshidagang', NULL, 0, 1, '2025-12-12 15:06:45', NULL, 0, '2026年研考中国科学技术大学', '不限', 0);
INSERT INTO `yl_guide` VALUES (54, '2026年研考中国科学技术大学334新闻与传播专业综合能力考试大纲', '<h1>2026年研考中国科学技术大学334新闻与传播专业综合能力考试大纲</h1>\n<div class=\"time\" style=\"margin-top:5px;margin-bottom:10px;\">\n <a href=\"/info/list/ClassID/97.shtml\" target=\"_blank\" title=\"更多2026考研大纲相关内容列表\">2026考研大纲</a> 来源：中国科学技术大学研究生院 2025-12-11　 相关院校：<a href=\"/graduate/grad/schoolID/330.shtml\" title=\"中国科学技术大学研究生院\" target=\"_blank\"><b>中国科学技术大学</b></a>\n</div>\n<div style=\"margin-top:10px;margin-bottom:0px;\">\n <div class=\"_4ezfie18m8i\"></div>\n</div>\n<div class=\"cont\" style=\"margin-top:5px;\">\n <ul>\n  <li><a rel=\"nofollow\" href=\"https://dl.koolearn.com/sXmT92X\" target=\"_blank\"><font color=\"#ff0000\">2026考研英语全程班 6班 </font></a></li>\n  <li><a rel=\"nofollow\" href=\"https://tgc.orangevip.com/releasehtml/index756.html?jt_site_id=32431&amp;source=0\" target=\"_blank\"><font color=\"#ff0000\">26考研全科上岸规划营「择校&#x25aa;规划&#x25aa;备考」</font></a></li>\n  <li><a href=\"/note/SchoolShow/id/330.shtml\" target=\"_blank\" title=\"中国科学技术大学考研资料\"><font color=\"#ff0000\">中国科学技术大学2026考研专业课复习资料「真题&#x25aa;笔记&#x25aa;讲义&#x25aa;题库」</font></a></li>\n </ul>\n</div>\n<div class=\"hr20\"></div>\n<div>\n <a target=\"_blank\" rel=\"nofollow\" href=\"https://mp.weixin.qq.com/s/S3jtisbmi-ZA0YDLDZKJCg\"><img src=\"https://download.chinakaoyan.com/wwwfile/2025/ke/20250808171711.png\"></a>\n</div>\n<div class=\"cont\" style=\"margin-top:-5px;margin-bottom:5px;\">\n 　\n <p>从中国科学技术大学研究生院获悉，2026年中国科大硕士招生考试部分科目考试大纲已发布，点击下载：<a title=\"334新闻与传播专业综合能力.pdf\" rel=\"nofollow\" target=\"_blank\" href=\"https://yz.ustc.edu.cn//static/upload/article/ueditor/efe32bec283c4e538576efefc97837d1.pdf\"><font color=\"#008080\">334 新闻与传播专业综合能力</font></a></p>\n</div>', 'kaoshidagang', NULL, 1, 1, '2025-12-12 15:06:46', NULL, 0, '2026年研考中国科学技术大学', '不限', 0);
INSERT INTO `yl_guide` VALUES (55, '浙江音乐学院2025年硕士研究生招生调剂复试工作通知(二)', '<h1>浙江音乐学院2025年硕士研究生招生调剂复试工作通知(二)</h1>\n<div class=\"time\" style=\"margin-top:5px;margin-bottom:10px;\">\n <a href=\"/info/list/ClassID/23.shtml\" target=\"_blank\" title=\"更多考研复试相关内容列表\">考研复试</a> 来源：浙江音乐学院 2025-11-18　 相关院校：<a href=\"/graduate/grad/schoolID/3073.shtml\" title=\"浙江音乐学院研究生院\" target=\"_blank\"><b>浙江音乐学院</b></a>\n</div>\n<div style=\"margin-top:10px;margin-bottom:0px;\">\n <div class=\"_4ezfie18m8i\"></div>\n</div>\n<div class=\"cont\" style=\"margin-top:5px;\">\n <ul>\n  <li><a rel=\"nofollow\" href=\"https://dl.koolearn.com/sXmT92X\" target=\"_blank\"><font color=\"#ff0000\">2026考研英语全程班 6班 </font></a></li>\n  <li><a rel=\"nofollow\" href=\"https://tgc.orangevip.com/releasehtml/index756.html?jt_site_id=32431&amp;source=0\" target=\"_blank\"><font color=\"#ff0000\">26考研全科上岸规划营「择校&#x25aa;规划&#x25aa;备考」</font></a></li>\n  <li><a href=\"/note/SchoolShow/id/3073.shtml\" target=\"_blank\" title=\"浙江音乐学院考研资料\"><font color=\"#ff0000\">浙江音乐学院2026考研专业课复习资料「真题&#x25aa;笔记&#x25aa;讲义&#x25aa;题库」</font></a></li>\n </ul>\n</div>\n<div class=\"hr20\"></div>\n<div>\n <a target=\"_blank\" rel=\"nofollow\" href=\"https://mp.weixin.qq.com/s/S3jtisbmi-ZA0YDLDZKJCg\"><img src=\"https://download.chinakaoyan.com/wwwfile/2025/ke/20250808171711.png\"></a>\n</div>\n<div class=\"cont\" style=\"margin-top:-5px;margin-bottom:5px;\">\n 　\n <p>根据教育部及我校相关文件精神，经研究生招生工作领导小组审议，结合我校调剂名额计划及实际各研究方向报名情况，拟定参加调剂复试考生名单。具体名单详见附件。</p>\n <p>我校已通过中国研究生招生信息网后台向考生发送复试通知，请接到通知的考生按照我校4月8日公布的《浙江音乐学院2025年硕士研究生招生调剂复试工作通知(一)》的要求准备及参加调剂复试。</p>\n <p>研究生处招生联系电话：0571-89808075，89808076(工作日8:00-11:30、13:30&#x2014;16:30)</p>\n <p>联系邮箱：yjszs@zjcm.edu.cn</p>\n <p>祝各位考试顺利!</p>\n <p><a rel=\"nofollow\" target=\"_blank\" href=\"https://www.zjcm.edu.cn/attachment/20250409/dd9e7e73938b26211591392121a6ec2c.pdf?n=2025%E5%B9%B4%E8%B0%83%E5%89%82%E5%A4%8D%E8%AF%95%E5%90%8D%E5%8D%95\"><font color=\"#008080\">附件：浙江音乐学院2025年调剂复试名单.pdf</font></a></p>\n</div>', 'fushixize', NULL, 0, 1, '2025-12-12 15:07:35', NULL, 0, '浙江音乐学院', '不限', 0);
INSERT INTO `yl_guide` VALUES (56, '浙江音乐学院2025年硕士研究生招生调剂复试工作通知(一)', '<h1>浙江音乐学院2025年硕士研究生招生调剂复试工作通知(一)</h1>\n<div class=\"time\" style=\"margin-top:5px;margin-bottom:10px;\">\n <a href=\"/info/list/ClassID/23.shtml\" target=\"_blank\" title=\"更多考研复试相关内容列表\">考研复试</a> 来源：浙江音乐学院 2025-11-18　 相关院校：<a href=\"/graduate/grad/schoolID/3073.shtml\" title=\"浙江音乐学院研究生院\" target=\"_blank\"><b>浙江音乐学院</b></a>\n</div>\n<div style=\"margin-top:10px;margin-bottom:0px;\">\n <div class=\"_4ezfie18m8i\"></div>\n</div>\n<div class=\"cont\" style=\"margin-top:5px;\">\n <ul>\n  <li><a rel=\"nofollow\" href=\"https://dl.koolearn.com/sXmT92X\" target=\"_blank\"><font color=\"#ff0000\">2026考研英语全程班 6班 </font></a></li>\n  <li><a rel=\"nofollow\" href=\"https://tgc.orangevip.com/releasehtml/index756.html?jt_site_id=32431&amp;source=0\" target=\"_blank\"><font color=\"#ff0000\">26考研全科上岸规划营「择校&#x25aa;规划&#x25aa;备考」</font></a></li>\n  <li><a href=\"/note/SchoolShow/id/3073.shtml\" target=\"_blank\" title=\"浙江音乐学院考研资料\"><font color=\"#ff0000\">浙江音乐学院2026考研专业课复习资料「真题&#x25aa;笔记&#x25aa;讲义&#x25aa;题库」</font></a></li>\n </ul>\n</div>\n<div class=\"hr20\"></div>\n<div>\n <a target=\"_blank\" rel=\"nofollow\" href=\"https://mp.weixin.qq.com/s/S3jtisbmi-ZA0YDLDZKJCg\"><img src=\"https://download.chinakaoyan.com/wwwfile/2025/ke/20250808171711.png\"></a>\n</div>\n<div class=\"cont\" style=\"margin-top:-5px;margin-bottom:5px;\">\n 　\n <p>我校调剂复试工作根据《2025年全国硕士研究生招生工作管理规定》《浙江音乐学院关于开展2025年硕士研究生招生调剂工作的通知》等文件精神执行，相关工作通知如下：</p>\n <p><strong>一、复试时间及地点</strong></p>\n <p>1.复试时间：4月10日。</p>\n <p>2.复试地点：浙江音乐学院。</p>\n <p><strong>二、复试日程</strong></p>\n <p></p>\n <table border=\"1\" cellspacing=\"0\" cellpadding=\"0\" width=\"98%\">\n  <tbody>\n   <tr>\n    <td width=\"89\">\n     <div align=\"center\">\n      日期\n     </div></td>\n    <td width=\"120\">\n     <div align=\"center\">\n      时间\n     </div></td>\n    <td width=\"251\">\n     <div align=\"center\">\n      考试科目\n     </div></td>\n    <td width=\"253\">\n     <div align=\"center\">\n      地点\n     </div></td>\n   </tr>\n   <tr>\n    <td rowspan=\"3\" width=\"89\">\n     <div align=\"center\">\n      4月10日\n     </div>\n     <div align=\"center\">\n      （周四）\n     </div></td>\n    <td width=\"120\">\n     <div align=\"center\">\n      上午8:30-11:30\n     </div></td>\n    <td width=\"251\">\n     <div align=\"center\">\n      专业笔试\n     </div></td>\n    <td width=\"253\">\n     <div align=\"center\">\n      音工楼15A-110\n     </div></td>\n   </tr>\n   <tr>\n    <td width=\"120\">\n     <div align=\"center\">\n      下午1:00-\n     </div></td>\n    <td width=\"251\">\n     <div align=\"center\">\n      英语口语及听力测试、\n     </div>\n     <div align=\"center\">\n      专业面试\n     </div></td>\n    <td width=\"253\">\n     <div align=\"center\">\n      综合教学楼15B，检录批次及具体考场详见复试准考证。\n     </div></td>\n   </tr>\n   <tr>\n    <td width=\"120\">\n     <div align=\"center\">\n      8:00-20:00\n     </div></td>\n    <td width=\"251\">\n     <div align=\"center\">\n      心理测试\n     </div></td>\n    <td width=\"253\">\n     <div align=\"center\">\n      线上心理测试\n     </div></td>\n   </tr>\n  </tbody>\n </table>\n <p></p>\n <p><strong>三、所有参加复试的考生</strong>都必须登陆系统进行信息填报与资料上传，系统开放时间为4月9日9:30-13:30，具体操作流程详见附件1。</p>\n <p>请各位考生根据系统要求填报和上传相关材料，学校在复试前对考生提交的报名材料原件及考生资格进行严格审查，对不符合规定者，不予复试。</p>\n <p>请各位考生登录信息填报系统打印复试准考证，准考证打印开通时间为4月9日18:00。</p>\n <p><strong>四、所有参加复试的考生都必须进行心理测试，系统开放时间为4月10日8:00-20:00，操作方法详见附件2。</strong></p>\n <p><strong>五、其他</strong></p>\n <p>(一)复试提交材料</p>\n <p>1.《浙江音乐学院研究生招生政治思想品德考查表》;</p>\n <p>2.身份证(正、反两面);</p>\n <p>3.学历、学位证书(应届本科毕业生无须提交)、教育部学籍在线验证报告(应届生)、教育部学历证书电子注册备案表或中国高等教育学位在线验证报告(往届生);在国外获得学位的考生，应提供由教育部留学服务中心出具的学历证明;</p>\n <p>4.应届本科毕业生须提交注册完整的学生证，如学生证注册不完整需提供由考生学籍管理部门出具的在读证明;</p>\n <p>5.同等学力考生须提交进修本科课程成绩单、报考专业领域的两位副高以上职称的专家推荐信;</p>\n <p>6.“退役大学生士兵”专项计划考生须提交《入伍批准书》和《退出现役证》;</p>\n <p>7.立功表彰退役军人免试生须提交《入伍批准书》《退出现役证》和立功表彰证明;</p>\n <p>8.其他专项计划加分考生须提交相关计划服务期满、考核合格的证件。</p>\n <p>(二)其他相关事项</p>\n <p>1.全体考生务必携带本人身份证原件、复试准考证原件、《浙江音乐学院研究生招生政治思想品德考查表》原件准时到达检录处进行检录，超过规定时间15分钟的迟到考生均不允许进入各考场，请根据考试时间提前30分钟候考。考生自备钢琴伴奏或其他乐器伴奏的，伴奏人员需携带身份证原件，与考生同时进场检录，检录要求与考生一致，迟到15分钟不允许进入考场。</p>\n <p>2.有要求提交论文、作品等的研究方向，考生都需隐去自己的姓名、准考证号等相关信息，打印并携带一式8份纸质稿在考试时提交。如果发现一律根据相关政策做出取消违规科目考试成绩等相应处理。</p>\n <p>3.严禁携带各种通讯工具(如手机、电子手表等具有发送或接收信息功能的设备)、电子存储记忆录放设备(如iPad)等物品进入考场。如果发现一律根据相关政策做出取消考试资格等相应处理。</p>\n <p>4.根据《浙江音乐学院硕士研究生招生专业考试考场规则》规定：考试过程中，听从评分教师的指令进行考试，不得询问涉及试题内容的问题，不得暗示或说出自己的姓名、准考证号等。违规者根据相关政策做出取消违规科目考试成绩等相应处理。</p>\n <p>5.我校研究生复试不收取考生任何费用，如有冒充学院工作人员或研究生导师，以各种方式让考生交费，请及时与我校研招办联系核实。</p>\n <p>6.我校从未委托任何机构或个人办理调剂事宜，招生信息以我校网站发布的为准。</p>\n <p>7.复试至录取通知书发放期间，务必保持手机联系畅通。</p>\n <p>8.联系方式：</p>\n <p>招生电话：0571-89808075，89808076</p>\n <p>(工作日：8:00-11:30，13:30&#x2014;16:30)</p>\n <p>邮箱：yjszs@zjcm.edu.cn</p>\n <p>祝各位考生考试顺利!</p>\n <p>附件1：浙江音乐学院2025研究生信息采集系统-操作手册.pdf</p>\n <p>附件2：浙江音乐学院关于2025年硕士研究生复试心理测试的通知.pdf</p>\n <p>附件https://www.zjcm.edu.cn/zyxww/tzgg/202504/44972.html</p>\n</div>', 'fushixize', NULL, 0, 1, '2025-12-12 15:07:36', NULL, 0, '浙江音乐学院', '不限', 0);
INSERT INTO `yl_guide` VALUES (57, '浙江音乐学院2025年硕士研究生招生复试相关工作通知(三)', '<h1>浙江音乐学院2025年硕士研究生招生复试相关工作通知(三)</h1>\n<div class=\"time\" style=\"margin-top:5px;margin-bottom:10px;\">\n <a href=\"/info/list/ClassID/23.shtml\" target=\"_blank\" title=\"更多考研复试相关内容列表\">考研复试</a> 来源：浙江音乐学院 2025-11-18　 相关院校：<a href=\"/graduate/grad/schoolID/3073.shtml\" title=\"浙江音乐学院研究生院\" target=\"_blank\"><b>浙江音乐学院</b></a>\n</div>\n<div style=\"margin-top:10px;margin-bottom:0px;\">\n <div class=\"_4ezfie18m8i\"></div>\n</div>\n<div class=\"cont\" style=\"margin-top:5px;\">\n <ul>\n  <li><a rel=\"nofollow\" href=\"https://dl.koolearn.com/sXmT92X\" target=\"_blank\"><font color=\"#ff0000\">2026考研英语全程班 6班 </font></a></li>\n  <li><a rel=\"nofollow\" href=\"https://tgc.orangevip.com/releasehtml/index756.html?jt_site_id=32431&amp;source=0\" target=\"_blank\"><font color=\"#ff0000\">26考研全科上岸规划营「择校&#x25aa;规划&#x25aa;备考」</font></a></li>\n  <li><a href=\"/note/SchoolShow/id/3073.shtml\" target=\"_blank\" title=\"浙江音乐学院考研资料\"><font color=\"#ff0000\">浙江音乐学院2026考研专业课复习资料「真题&#x25aa;笔记&#x25aa;讲义&#x25aa;题库」</font></a></li>\n </ul>\n</div>\n<div class=\"hr20\"></div>\n<div>\n <a target=\"_blank\" rel=\"nofollow\" href=\"https://mp.weixin.qq.com/s/S3jtisbmi-ZA0YDLDZKJCg\"><img src=\"https://download.chinakaoyan.com/wwwfile/2025/ke/20250808171711.png\"></a>\n</div>\n<div class=\"cont\" style=\"margin-top:-5px;margin-bottom:5px;\">\n 　\n <p><strong>一、复试日程</strong></p>\n <p></p>\n <table border=\"1\" width=\"98%\">\n  <tbody>\n   <tr>\n    <td valign=\"middle\" width=\"102\">\n     <div align=\"center\">\n      日期\n     </div></td>\n    <td valign=\"middle\" width=\"126\">\n     <div align=\"center\">\n      时间\n     </div></td>\n    <td valign=\"middle\" width=\"267\">\n     <div align=\"center\">\n      考试科目\n     </div></td>\n    <td valign=\"middle\" width=\"198\">\n     <div align=\"center\">\n      考试地点\n     </div></td>\n   </tr>\n   <tr>\n    <td valign=\"middle\" width=\"228\" colspan=\"2\">\n     <div align=\"center\">\n      3月27日（周四）9:00-\n     </div>\n     <div align=\"center\">\n      3月28日（周五）12:00\n     </div></td>\n    <td valign=\"middle\" width=\"267\">\n     <div align=\"center\">\n      心理测试\n     </div></td>\n    <td valign=\"middle\" width=\"198\">\n     <div align=\"center\">\n      线上心理测试\n     </div></td>\n   </tr>\n   <tr>\n    <td valign=\"middle\" rowspan=\"4\" width=\"102\">\n     <div align=\"center\">\n      3月28日\n     </div>\n     <div align=\"center\">\n      （周五）\n     </div></td>\n    <td valign=\"middle\" width=\"126\">\n     <div align=\"center\">\n      8:15开始\n     </div></td>\n    <td valign=\"middle\" width=\"267\">\n     <div align=\"center\">\n      考生检录\n     </div></td>\n    <td valign=\"middle\" rowspan=\"3\" width=\"198\">\n     <div align=\"center\">\n      综合教学楼15B\n     </div></td>\n   </tr>\n   <tr>\n    <td valign=\"middle\" width=\"126\">\n     <div align=\"center\">\n      8:30-\n     </div></td>\n    <td valign=\"middle\" width=\"267\">\n     <div align=\"center\">\n      英语口语及听力测试\n     </div></td>\n   </tr>\n   <tr>\n    <td valign=\"middle\" width=\"126\">\n     <div align=\"center\">\n      2:00-5:00\n     </div></td>\n    <td valign=\"middle\" width=\"267\">\n     <div align=\"center\">\n      笔试科目考试\n     </div></td>\n   </tr>\n   <tr>\n    <td valign=\"middle\" width=\"126\">\n     <div align=\"center\">\n      2:00-5:00\n     </div></td>\n    <td valign=\"middle\" width=\"267\">\n     <div align=\"center\">\n      音乐工程系上机操作\n     </div></td>\n    <td valign=\"middle\" width=\"198\">\n     <div>\n      综合教学楼15A\n     </div></td>\n   </tr>\n   <tr>\n    <td valign=\"middle\" rowspan=\"3\" width=\"102\">\n     <div align=\"center\">\n      3月29日\n     </div>\n     <div align=\"center\">\n      （周六）\n     </div></td>\n    <td valign=\"middle\" width=\"126\">\n     <div align=\"center\">\n      8:00开始\n     </div></td>\n    <td valign=\"middle\" width=\"267\">\n     <div align=\"center\">\n      考生检录\n     </div></td>\n    <td valign=\"middle\" width=\"198\">\n     <div>\n      舞蹈楼、附中楼大厅\n     </div></td>\n   </tr>\n   <tr>\n    <td valign=\"middle\" rowspan=\"2\" width=\"126\">\n     <div align=\"center\">\n      8:30-\n     </div></td>\n    <td valign=\"middle\" width=\"267\">\n     <div align=\"center\">\n      作曲与指挥系、音乐学系、\n     </div>\n     <div align=\"center\">\n      声乐歌剧系、流行音乐系、\n     </div>\n     <div align=\"center\">\n      舞蹈学院、音乐工程系各方向\n     </div>\n     <div align=\"center\">\n      专业主课及专业面试\n     </div></td>\n    <td valign=\"middle\" width=\"198\">\n     <div>\n      舞蹈楼各考场\n     </div></td>\n   </tr>\n   <tr>\n    <td valign=\"middle\" width=\"267\">\n     <div align=\"center\">\n      音乐教育学院、钢琴系、艺术与文化管理高等研究院各方向\n     </div>\n     <div>\n      专业主课及专业面试\n     </div></td>\n    <td valign=\"middle\" width=\"198\">\n     <div>\n      附中楼各考场\n     </div></td>\n   </tr>\n   <tr>\n    <td valign=\"middle\" rowspan=\"3\" width=\"102\">\n     <div align=\"center\">\n      3月30日\n     </div>\n     <div align=\"center\">\n      （周日）\n     </div></td>\n    <td valign=\"middle\" width=\"126\">\n     <div align=\"center\">\n      8:00开始\n     </div></td>\n    <td valign=\"middle\" width=\"267\">\n     <div align=\"center\">\n      考生检录\n     </div></td>\n    <td valign=\"middle\" width=\"198\">\n     <div>\n      舞蹈楼、附中楼大厅\n     </div></td>\n   </tr>\n   <tr>\n    <td valign=\"middle\" rowspan=\"2\" width=\"126\">\n     <div align=\"center\">\n      8:30-\n     </div></td>\n    <td valign=\"middle\" width=\"267\">\n     <div align=\"center\">\n      国乐系、管弦系、音乐工程系各方向专业主课及专业面试\n     </div></td>\n    <td valign=\"middle\" width=\"198\">\n     <div>\n      舞蹈楼各考场\n     </div></td>\n   </tr>\n   <tr>\n    <td valign=\"middle\" width=\"267\">\n     <div align=\"center\">\n      音乐教育学院（音乐教育合作办学方向）专业主课及专业面试\n     </div></td>\n    <td valign=\"middle\" width=\"198\">\n     <div>\n      附中楼各考场\n     </div></td>\n   </tr>\n  </tbody>\n </table>\n <p></p>\n <p>备注：检录批次及具体考场详见复试准考证。</p>\n <p><strong>二、其他</strong></p>\n <p>1.请各位考生登录信息填报系统打印复试准考证，准考证打印开通时间为3月27日10:00。</p>\n <p>2.全体考生务必携带本人身份证原件、复试准考证打印纸质版、《浙江音乐学院研究生招生政治思想品德考查表》原件准时到达检录处进行检录，超过规定时间15分钟的迟到考生均不允许进入各考场，请根据考试时间提前30分钟候考。</p>\n <p>考生自备钢琴伴奏或其他乐器伴奏的，伴奏人员需携带身份证原件，与考生同时进场检录，检录要求与考生一致，迟到15分钟不允许进入考场。</p>\n <p><strong>三、研究生处招生联系电话：</strong></p>\n <p>0571-89808076，89808075(工作日8:00-11:30、13:30&#x2014;16:30)</p>\n <p>联系邮箱：yjszs@zjcm.edu.cn</p>\n <p>祝各位考生考试顺利!</p>\n</div>', 'fushixize', NULL, 0, 1, '2025-12-12 15:07:37', NULL, 0, '浙江音乐学院', '不限', 0);
INSERT INTO `yl_guide` VALUES (58, '浙江音乐学院2025年硕士研究生招生复试相关工作通知(二)', '<h1>浙江音乐学院2025年硕士研究生招生复试相关工作通知(二)</h1>\n<div class=\"time\" style=\"margin-top:5px;margin-bottom:10px;\">\n <a href=\"/info/list/ClassID/23.shtml\" target=\"_blank\" title=\"更多考研复试相关内容列表\">考研复试</a> 来源：浙江音乐学院 2025-11-18　 相关院校：<a href=\"/graduate/grad/schoolID/3073.shtml\" title=\"浙江音乐学院研究生院\" target=\"_blank\"><b>浙江音乐学院</b></a>\n</div>\n<div style=\"margin-top:10px;margin-bottom:0px;\">\n <div class=\"_4ezfie18m8i\"></div>\n</div>\n<div class=\"cont\" style=\"margin-top:5px;\">\n <ul>\n  <li><a rel=\"nofollow\" href=\"https://dl.koolearn.com/sXmT92X\" target=\"_blank\"><font color=\"#ff0000\">2026考研英语全程班 6班 </font></a></li>\n  <li><a rel=\"nofollow\" href=\"https://tgc.orangevip.com/releasehtml/index756.html?jt_site_id=32431&amp;source=0\" target=\"_blank\"><font color=\"#ff0000\">26考研全科上岸规划营「择校&#x25aa;规划&#x25aa;备考」</font></a></li>\n  <li><a href=\"/note/SchoolShow/id/3073.shtml\" target=\"_blank\" title=\"浙江音乐学院考研资料\"><font color=\"#ff0000\">浙江音乐学院2026考研专业课复习资料「真题&#x25aa;笔记&#x25aa;讲义&#x25aa;题库」</font></a></li>\n </ul>\n</div>\n<div class=\"hr20\"></div>\n<div>\n <a target=\"_blank\" rel=\"nofollow\" href=\"https://mp.weixin.qq.com/s/S3jtisbmi-ZA0YDLDZKJCg\"><img src=\"https://download.chinakaoyan.com/wwwfile/2025/ke/20250808171711.png\"></a>\n</div>\n<div class=\"cont\" style=\"margin-top:-5px;margin-bottom:5px;\">\n 　\n <p>各位考生：</p>\n <p>根据教育部及教育厅相关文件会议精神，结合学校研究生招生工作领导小组总体安排，现将复试相关工作通知如下：</p>\n <p><strong>一、所有参加复试的考生</strong>都必须登陆系统进行信息填报与资料上传，系统关闭时间为3月26日12:00，具体操作流程详见附件1。</p>\n <p>请各位考生根据系统要求填报和上传相关材料，学校在复试前对考生提交的报名材料原件及考生资格进行严格审查，对不符合规定者，不予复试。</p>\n <p><strong>二、所有参加复试的考生</strong>都必须进行心理测试，系统开放时间为3月27日9:00-3月28日12:00，操作方法详见附件2。</p>\n <p><strong>三、其他</strong></p>\n <p>1.全体考生务必携带本人身份证原件、复试准考证原件、《浙江音乐学院研究生招生政治思想品德考查表》原件准时到达检录处进行检录，超过规定时间15分钟的迟到考生均不允许进入各考场，请根据考试时间提前30分钟候考。</p>\n <p>考生自备钢琴伴奏或其他乐器伴奏的，伴奏人员需携带身份证原件，与考生同时进场检录，检录要求与考生一致，迟到15分钟不允许进入考场。</p>\n <p>音乐教育方向器乐主项不得使用任何伴奏。</p>\n <p>2.所有考生须登录系统填报完善个人相关信息，复试准考证请登录信息填报系统进行打印，可在考试前一天通过系统导出打印。</p>\n <p>3.材料准备注意事项</p>\n <p>(1)请在系统注册时登记考试曲目。</p>\n <p>(2)有要求提交论文、作品等的研究方向，考生都需隐去自己的姓名、准考证号等相关信息，打印并携带一式8份纸质稿在检录时提交给检录处。</p>\n <p>(3)根据招生简章规定，需携带伴奏音频、制作音乐工程文件等的，需隐去自己的姓名、准考证号等相关信息，将音频内容保存至U盘或光盘，在检录时将U盘或光盘提交给检录处。</p>\n <p>(4)舞蹈教育方向考生说课展示部分，请自选一个授课主题并制作PPT，需隐去自己的姓名、准考证号等相关信息，将PPT存入U盘，在检录时将U盘提交给检录处。</p>\n <p>(5)音乐工程系考生在英语口语与听力测试结束后，请前往综合教学楼15A-433上机操作考场调试设备，熟悉考试环境;设备调试截止时间为13:00。</p>\n <p>正式考试开始前半个小时允许考生入场再次调试设备与软件。</p>\n <p>见原文</p>\n <p>4.严禁携带各种通讯工具(如手机、电子手表等具有发送或接收信息功能的设备)、电子存储记忆录放设备(如iPad)等物品进入考场。如果发现一律根据相关政策做出取消考试资格等相应处理。</p>\n <p>5.根据《浙江音乐学院硕士研究生招生专业考试考场规则》规定：考试过程中，听从评分教师的指令进行考试，不得询问涉及试题内容的问题，不得暗示或说出自己的姓名、准考证号等。</p>\n <p>6.诚信复试。所有考生需签署《浙江音乐学院2025年硕士研究生招生考试诚信承诺书》。研究生招生考试是国家教育考试，复试工作是研究生招生考试的重要组成部分。考生要确保所有提交材料真实，诚信守规参加复试。须知晓：在法律规定的国家考试中，组织作弊的行为;为他人实施组织作弊提供作弊器材或者其他帮助的行为;为实施考试作弊行为，向他人非法出售或者提供考试的试题、答案的行为;代替他人或者让他人代替自己参加考试的行为都将触犯刑法。在复试过程中有违规行为的考生，一经查实，即按照规定严肃处理，取消录取资格，记入《考生考试诚信档案》。入学后3个月内，我校将按照《普通高等学校学生管理规定》有关要求，对所有考生进行全面复查。复查不合格的，取消学籍;情节严重的，移交有关部门调查处理。</p>\n <p>7.如需自驾车辆进入考点，请凭复试准考证进入，听从指挥，将车辆停放地下车库，临时接送车辆即停即走;学校周边交通路况复杂，请考生及时了解杭州市区相关交通规定，选择合适的交通工具提前出行，以免误考。考试当天6:30后考生、家长方可进入校园。</p>\n <p>在综艺楼(附中楼)参加考试的考生，建议从浙音路东1门(行车道)或东大门(人行道)进入校园;在南区综合教学楼15B参加考试的考生，请从东南门进入校园。如乘坐地铁6号线到浙江音乐学院站，可从C口出站至知音路“浙江音乐学院东南门”进入校园。</p>\n <p>8.根据我校研究生招生考试工作部署，每位考生可有1-2名家长陪同进入校园。考生及家长进校时，需携带有效身份证件，配合校园安保核验。</p>\n <p>9.建议出行和进入校园内(除考试外)佩戴口罩，加强个人防护，做自己健康的第一责任人。</p>\n <p>10.学校提供琴房给当天考试的考生进行考前练习(琴房开放时间为3月29日6：30&#x2014;20：30，3月30日6:30-16:30)，请考生注意练习时间，切勿错过考试。</p>\n <p>11.学校南区餐厅、北区餐厅向考生与家长开放，可到餐厅购买餐券用餐和休息。</p>\n <p>四、研究生处招生联系电话：</p>\n <p>0571-89808076，89808075(工作日8:00-11:30、13:30&#x2014;16:30)</p>\n <p>联系邮箱：yjszs@zjcm.edu.cn</p>\n <p>祝各位考生考试顺利!</p>\n <p>附件1：浙江音乐学院2025研究生信息采集系统-操作手册.pdf</p>\n <p>附件2：浙江音乐学院关于2025年硕士研究生复试心理测试的通知.pdf</p>\n <p>附件3：浙江音乐学院2025年硕士研究生招生考试复试及录取工作方案.pdf</p>\n <p>附件4：浙江音乐学院2025年硕士研究生招生复试名单.pdf</p>\n <p>附件5：浙江音乐学院2025年硕士研究生招生复试名额拟分配计划表.pdf</p>\n <p>原文链接https://www.zjcm.edu.cn/zyxww/tzgg/202503/44467.html</p>\n</div>', 'fushixize', NULL, 0, 1, '2025-12-12 15:07:37', NULL, 0, '浙江音乐学院', '不限', 0);
INSERT INTO `yl_guide` VALUES (59, '浙江音乐学院2025年硕士研究生招生复试相关工作通知(一)', '<h1>浙江音乐学院2025年硕士研究生招生复试相关工作通知(一)</h1>\n<div class=\"time\" style=\"margin-top:5px;margin-bottom:10px;\">\n <a href=\"/info/list/ClassID/23.shtml\" target=\"_blank\" title=\"更多考研复试相关内容列表\">考研复试</a> 来源：浙江音乐学院 2025-11-18　 相关院校：<a href=\"/graduate/grad/schoolID/3073.shtml\" title=\"浙江音乐学院研究生院\" target=\"_blank\"><b>浙江音乐学院</b></a>\n</div>\n<div style=\"margin-top:10px;margin-bottom:0px;\">\n <div class=\"_4ezfie18m8i\"></div>\n</div>\n<div class=\"cont\" style=\"margin-top:5px;\">\n <ul>\n  <li><a rel=\"nofollow\" href=\"https://dl.koolearn.com/sXmT92X\" target=\"_blank\"><font color=\"#ff0000\">2026考研英语全程班 6班 </font></a></li>\n  <li><a rel=\"nofollow\" href=\"https://tgc.orangevip.com/releasehtml/index756.html?jt_site_id=32431&amp;source=0\" target=\"_blank\"><font color=\"#ff0000\">26考研全科上岸规划营「择校&#x25aa;规划&#x25aa;备考」</font></a></li>\n  <li><a href=\"/note/SchoolShow/id/3073.shtml\" target=\"_blank\" title=\"浙江音乐学院考研资料\"><font color=\"#ff0000\">浙江音乐学院2026考研专业课复习资料「真题&#x25aa;笔记&#x25aa;讲义&#x25aa;题库」</font></a></li>\n </ul>\n</div>\n<div class=\"hr20\"></div>\n<div>\n <a target=\"_blank\" rel=\"nofollow\" href=\"https://mp.weixin.qq.com/s/S3jtisbmi-ZA0YDLDZKJCg\"><img src=\"https://download.chinakaoyan.com/wwwfile/2025/ke/20250808171711.png\"></a>\n</div>\n<div class=\"cont\" style=\"margin-top:-5px;margin-bottom:5px;\">\n 　\n <p>根据《2025年全国硕士研究生招生工作管理规定》及教育部、省教育考试院相关文件精神，2025年我校硕士研究生招生录取工作贯彻“按需招生、全面衡量、择优录取、宁缺毋滥”的原则，在确保安全性、公平性和科学性的基础上，统筹做好复试录取工作，现将有关工作通知如下：</p>\n <p><strong>一、复试分数线</strong>见<a rel=\"nofollow\" target=\"_blank\" href=\"https://www.zjcm.edu.cn/zyxww/tzgg/202503/44432.html\">https://www.zjcm.edu.cn/zyxww/tzgg/202503/44432.html</a></p>\n <p>二<strong>、复试时间及地点</strong></p>\n <p>1.复试时间：2025年3月28日-30日，具体日程安排详见后续发布的相关通知。</p>\n <p>2.复试地点：浙江省杭州市西湖区转塘街道浙音路1号浙江音乐学院。</p>\n <p><strong>三、复试审查内容</strong></p>\n <p>学校在复试前对考生的居民身份证、学历学位证书、学历学籍核验结果、思想政治品德审查表等报名材料原件及考生资格进行严格审查，对不符合规定者，不予复试。</p>\n <p>(一)对考生资格的审查</p>\n <p>考生请准备好以下材料原件电子版(图片文件)，根据后续通知登录系统提交，我校将对考生资格进行审查：</p>\n <p>1.《浙江音乐学院研究生招生政治思想品德考查表》;</p>\n <p>2.身份证(正、反两面);</p>\n <p>3.学历、学位证书(应届本科毕业生无须提交)、教育部学籍在线验证报告(应届生)、教育部学历证书电子注册备案表或中国高等教育学位在线验证报告(往届生);在国外获得学位的考生，应提供由教育部留学服务中心出具的学历证明;</p>\n <p>4.应届本科毕业生须提交注册完整的学生证，如学生证注册不完整需提供由考生学籍管理部门出具的在读证明;</p>\n <p>5.同等学力考生须提交进修本科课程成绩单、报考专业领域的两位副高以上职称的专家推荐信;</p>\n <p>6.“退役大学生士兵”专项计划考生须提交《入伍批准书》和《退出现役证》;</p>\n <p>7.立功表彰退役军人免试生须提交《入伍批准书》《退出现役证》和立功表彰证明;</p>\n <p>8.其他专项计划加分考生须提交相关计划服务期满、考核合格的证件。</p>\n <p>(二)对考生政治思想品德的考核</p>\n <p>对复试考生进行政治思想品德考核是保证入学新生政治素质的重要环节。所有考生均须填写《浙江音乐学院研究生招生政治思想品德考查表》，由档案所在地负责填写相关内容并盖章。拟录取名单确定后，研究生处向考生所在单位函调人事档案和本人现实表现等材料，全面审查其政治情况。</p>\n <p>(三)定向就业的考生应当在被录取前与我校、用人单位分别签订定向就业合同。报考非定向就业研究生录取为定向就业的，我校将严格审核定向就业合同，从严掌握。</p>\n <p>考生因报考硕士研究生与所在单位产生的问题由考生自行处理。若因此造成考生不能复试或无法录取，我校不承担责任。</p>\n <p><strong>四、重要提醒</strong></p>\n <p>1.因教育部指标尚未正式下达，复试名单、招生计划及其他相关内容将于后续发布，请持续关注我校官网相关通知。</p>\n <p>2.音乐教育方向器乐主项不得使用任何伴奏。</p>\n <p>3.所有考生须登录系统填报完善个人相关信息，系统填报时间及操作办法请关注官网后续通知。</p>\n <p>4.符合国家加分政策的考生请在3月26日17:00前向学校提出文字申请(手写签名)并提交相关证明材料，将证明材料原件图片发送至邮箱yjszs@zjcm.edu.cn，邮件标题须注明：申请加分项名称+姓名+报考研究方向+准考证号码。</p>\n <p>5.我校研究生复试不收取考生任何费用，如有冒充学校工作人员或研究生导师，以各种方式让考生交费，请及时与我校研招办联系核实。</p>\n <p>6.复试至录取通知书发放期间，请务必保持手机联系畅通。</p>\n <p>7.招生工作期间的政策和规定按照国家有关部门及教育部最新文件执行。如遇上级部门政策调整，学校将做相应调整，并及时在学校官方网站予以公布。</p>\n <p><strong>五、咨询方式</strong></p>\n <p>1.研究生处招生联系电话：</p>\n <p>0571-89808076、89808075(工作日8:00-11:30、13:30&#x2014;16:30)</p>\n <p>联系邮箱：yjszs@zjcm.edu.cn</p>\n <p>2.我校举报信箱：jbx@zjcm.edu.cn，</p>\n <p>举报电话：0571-89808200，接受社会监督。</p>\n <p>祝各位考生考试顺利!</p>\n</div>', 'fushixize', NULL, 0, 1, '2025-12-12 15:07:38', NULL, 0, '浙江音乐学院', '不限', 0);
INSERT INTO `yl_guide` VALUES (60, '浙江音乐学院关于2025年硕士研究生招生复试相关工作提示', '<h1>浙江音乐学院关于2025年硕士研究生招生复试相关工作提示</h1>\n<div class=\"time\" style=\"margin-top:5px;margin-bottom:10px;\">\n <a href=\"/info/list/ClassID/23.shtml\" target=\"_blank\" title=\"更多考研复试相关内容列表\">考研复试</a> 来源：浙江音乐学院 2025-11-18　 相关院校：<a href=\"/graduate/grad/schoolID/3073.shtml\" title=\"浙江音乐学院研究生院\" target=\"_blank\"><b>浙江音乐学院</b></a>\n</div>\n<div style=\"margin-top:10px;margin-bottom:0px;\">\n <div class=\"_4ezfie18m8i\"></div>\n</div>\n<div class=\"cont\" style=\"margin-top:5px;\">\n <ul>\n  <li><a rel=\"nofollow\" href=\"https://dl.koolearn.com/sXmT92X\" target=\"_blank\"><font color=\"#ff0000\">2026考研英语全程班 6班 </font></a></li>\n  <li><a rel=\"nofollow\" href=\"https://tgc.orangevip.com/releasehtml/index756.html?jt_site_id=32431&amp;source=0\" target=\"_blank\"><font color=\"#ff0000\">26考研全科上岸规划营「择校&#x25aa;规划&#x25aa;备考」</font></a></li>\n  <li><a href=\"/note/SchoolShow/id/3073.shtml\" target=\"_blank\" title=\"浙江音乐学院考研资料\"><font color=\"#ff0000\">浙江音乐学院2026考研专业课复习资料「真题&#x25aa;笔记&#x25aa;讲义&#x25aa;题库」</font></a></li>\n </ul>\n</div>\n<div class=\"hr20\"></div>\n<div>\n <a target=\"_blank\" rel=\"nofollow\" href=\"https://mp.weixin.qq.com/s/S3jtisbmi-ZA0YDLDZKJCg\"><img src=\"https://download.chinakaoyan.com/wwwfile/2025/ke/20250808171711.png\"></a>\n</div>\n<div class=\"cont\" style=\"margin-top:-5px;margin-bottom:5px;\">\n 　\n <p>各位考生：</p>\n <p>欢迎报考浙江音乐学院!近日，教育部已公布国家分数线，为方便考生更好地了解我校硕士研究生复试录取工作的安排，现将相关情况提示如下：</p>\n <p><strong>一、复试时间</strong></p>\n <p>按照教育部要求，我校2025年硕士研究生复试工作将于3月下旬正式启动，具体时间请关注学校官网相关通知公告。</p>\n <p>由于教育部招生计划尚未下达，因此各专业实际招生人数未完全确定。待正式下达后，我校将根据教育部及浙江省教育考试院相关文件精神发布复试相关信息，请各位考生耐心等待我校公告。</p>\n <p><strong>二、复试形式</strong></p>\n <p>我校硕士研究生复试采用线下复试的方式进行，请考生密切关注后续通知以及相关规定。</p>\n <p><strong>三、复试内容</strong></p>\n <p>复试共有专业主课、专业面试、英语口语及听力测试、思想政治素质和品德考核、心理测试五个部分。复试内容可参考《浙江音乐学院2025年硕士研究生招生简章》具体要求。</p>\n <p><strong>四、复试资格审查</strong></p>\n <p>为严格复试资格审查，考生可提前准备好以下材料原件及电子版(图片或扫描PDF)：</p>\n <p>1.考生身份证(正反两面);</p>\n <p>2.考生初试准考证;</p>\n <p>3.应届考生注册完整(含最后一学期)的学生证，如学生证注册不完整需提供由考生学籍管理部门出具的在读证明原件;</p>\n <p>4.往届考生学历学位证书原件;</p>\n <p>5.学籍学历认证报告电子版(应届生提供《教育部学籍在线验证报告》，往届生提供《教育部学历证书电子注册备案表》)，查询网址为：https://www.chsi.com.cn/xlcx/bgcx.jsp。国(境)外获得学历学位的考生须提供教育部留学服务中心出具的《国(境)外学历学位认证书》;</p>\n <p>6.《浙江音乐学院研究生招生政治思想品德考查表》。</p>\n <p>7.除以上材料外，退役大学生士兵计划考生需提供《入伍批准书》和《退出现役证》;同等学力考生需提供进修本科课程成绩单原件、报考专业领域的两位副高以上职称的专家推荐信。</p>\n <p><strong>五、重要提醒</strong></p>\n <p>1.官方信息发布渠道</p>\n <p>我校所有招生信息均通过以下官方渠道发布：</p>\n <p>教育部指定平台：中国研究生招生信息网(https://yz.chsi.com.cn/);</p>\n <p>浙江音乐学院官方平台：</p>\n <p>浙江音乐学院官网(https://www.zjcm.edu.cn/);</p>\n <p>“浙江音乐学院”“浙江音乐学院研究生教育”微信公众号。</p>\n <p>2.调剂信息发布</p>\n <p>一志愿考生复试录取工作结束后，如需进行调剂相关工作，调剂信息将统一通过教育部指定平台&#x2014;&#x2014;“全国硕士生招生复试调剂服务系统”、浙江音乐学院官网及官方微信公众号发布。</p>\n <p>3.诚信复试</p>\n <p>研究生招生考试是国家教育考试，复试工作是研究生招生考试的重要组成部分。考生要确保所有提交材料真实，诚信守规参加复试。须知晓：在法律规定的国家考试中，组织作弊的行为;为他人实施组织作弊提供作弊器材或者其他帮助的行为;为实施考试作弊行为，向他人非法出售或者提供考试的试题、答案的行为;代替他人或者让他人代替自己参加考试的行为都将触犯刑法。在复试过程中有违规行为的考生，一经查实，即按照规定严肃处理，取消录取资格，记入《考生考试诚信档案》。入学后3个月内，我校将按照《普通高等学校学生管理规定》有关要求，对所有考生进行全面复查。复查不合格的，取消学籍;情节严重的，移交有关部门调查处理。</p>\n <p>4.复试内容属于国家机密级。在我校硕士研究生招生工作结束前，严禁将考试相关信息泄露或对外公布。</p>\n <p>复试过程中，考生应严格遵守复试纪律，不以任何形式作弊。</p>\n <p>5.谨防诈骗。</p>\n <p>我校研究生复试不收取任何费用，除以上官方信息发布渠道，我校未委托任何单位、个人和平台发布我校研究生招生复试及调剂信息。如有冒充学校工作人员或研究生导师，以各种方式让考生交费，请及时与我校研招办联系核实。</p>\n <p>对于任何假冒我校名义进行招生活动的机构和个人，我校将坚决依法追究其法律责任。请广大考生仔细甄别网络上的研究生招生信息，谨防上当受骗或财物受损，一切招生信息以教育主管部门及我校官方发布信息为准。</p>\n <p><strong>六、联系方式</strong></p>\n <p>研招办联系电话：0571-89808076 89808075(工作日，8:00-11:30，13:30&#x2014;16:30)</p>\n <p>邮箱：yjszs@zjcm.edu.cn</p>\n <p><a rel=\"nofollow\" target=\"_blank\" href=\"https://www.zjcm.edu.cn/attachment/20240315/7a01195da6838ad228bcb776f5f90731.docx?n=%E9%99%84%E4%BB%B6%EF%BC%9A%E6%B5%99%E6%B1%9F%E9%9F%B3%E4%B9%90%E5%AD%A6%E9%99%A2%E7%A0%94%E7%A9%B6%E7%94%9F%E6%8B%9B%E7%94%9F%E6%94%BF%E6%B2%BB%E6%80%9D%E6%83%B3%E5%93%81%E5%BE%B7%E8%80%83%E6%9F%A5%E8%A1%A8\"><font color=\"#008080\">附件：浙江音乐学院研究生招生政治思想品德考查表.docx</font></a></p>\n <p>浙江音乐学院研究生处</p>\n <p>2025年3月7日</p>\n</div>', 'fushixize', NULL, 0, 1, '2025-12-12 15:07:39', NULL, 0, '浙江音乐学院', '不限', 0);
INSERT INTO `yl_guide` VALUES (61, '华侨大学2026年硕士招生专业复试相关内容一览', '<h1>华侨大学2026年硕士招生专业复试相关内容一览</h1>\n<div class=\"time\" style=\"margin-top:5px;margin-bottom:10px;\">\n <a href=\"/info/list/ClassID/23.shtml\" target=\"_blank\" title=\"更多考研复试相关内容列表\">考研复试</a> 来源：华侨大学研究生招生信息网 2025-11-10　 相关院校：<a href=\"/graduate/grad/schoolID/680.shtml\" title=\"华侨大学研究生院\" target=\"_blank\"><b>华侨大学</b></a>\n</div>\n<div style=\"margin-top:10px;margin-bottom:0px;\">\n <div class=\"_4ezfie18m8i\"></div>\n</div>\n<div class=\"cont\" style=\"margin-top:5px;\">\n <ul>\n  <li><a rel=\"nofollow\" href=\"https://dl.koolearn.com/sXmT92X\" target=\"_blank\"><font color=\"#ff0000\">2026考研英语全程班 6班 </font></a></li>\n  <li><a rel=\"nofollow\" href=\"https://tgc.orangevip.com/releasehtml/index756.html?jt_site_id=32431&amp;source=0\" target=\"_blank\"><font color=\"#ff0000\">26考研全科上岸规划营「择校&#x25aa;规划&#x25aa;备考」</font></a></li>\n  <li><a href=\"/note/SchoolShow/id/680.shtml\" target=\"_blank\" title=\"华侨大学考研资料\"><font color=\"#ff0000\">华侨大学2026考研专业课复习资料「真题&#x25aa;笔记&#x25aa;讲义&#x25aa;题库」</font></a></li>\n </ul>\n</div>\n<div class=\"hr20\"></div>\n<div>\n <a target=\"_blank\" rel=\"nofollow\" href=\"https://mp.weixin.qq.com/s/S3jtisbmi-ZA0YDLDZKJCg\"><img src=\"https://download.chinakaoyan.com/wwwfile/2025/ke/20250808171711.png\"></a>\n</div>\n<div class=\"cont\" style=\"margin-top:-5px;margin-bottom:5px;\">\n 　\n <p><strong>(10月15日更新)华侨大学2026年硕士招生专业复试相关内容一览(仅供参考)</strong></p>\n <p>华侨大学2026年硕士招生专业复试相关内容见附件，附件中相关内容仅供参考，复试具体事宜届时以学校复试录取工作方案及各学院实施细则(一般在每年3月中下旬发布)为准。</p>\n <p>附件【<a rel=\"nofollow\" target=\"_blank\" href=\"https://yjszs.hqu.edu.cn/system/_content/download.jsp?urltype=news.DownloadAttachUrl&amp;owner=1309592104&amp;wbfileid=435F1911E0CA31589FFDD01F1AF40405\"><font color=\"#008080\">（10月15日更新）华侨大学2026年硕士招生专业复试内容一览表（仅供参考）.xlsx</font></a>】</p>\n</div>', 'fushixize', NULL, 1, 1, '2025-12-12 15:07:39', NULL, 0, '华侨大学', '不限', 0);
INSERT INTO `yl_guide` VALUES (62, '河北师范大学2026年硕士研究生招生加试科目', '<h1>河北师范大学2026年硕士研究生招生加试科目</h1>\n<div class=\"time\" style=\"margin-top:5px;margin-bottom:10px;\">\n <a href=\"/info/list/ClassID/23.shtml\" target=\"_blank\" title=\"更多考研复试相关内容列表\">考研复试</a> 来源：河北师范大学研究生院 2025-10-24　 相关院校：<a href=\"/graduate/grad/schoolID/532.shtml\" title=\"河北师范大学研究生院\" target=\"_blank\"><b>河北师范大学</b></a>\n</div>\n<div style=\"margin-top:10px;margin-bottom:0px;\">\n <div class=\"_4ezfie18m8i\"></div>\n</div>\n<div class=\"cont\" style=\"margin-top:5px;\">\n <ul>\n  <li><a rel=\"nofollow\" href=\"https://dl.koolearn.com/sXmT92X\" target=\"_blank\"><font color=\"#ff0000\">2026考研英语全程班 6班 </font></a></li>\n  <li><a rel=\"nofollow\" href=\"https://tgc.orangevip.com/releasehtml/index756.html?jt_site_id=32431&amp;source=0\" target=\"_blank\"><font color=\"#ff0000\">26考研全科上岸规划营「择校&#x25aa;规划&#x25aa;备考」</font></a></li>\n  <li><a href=\"/note/SchoolShow/id/532.shtml\" target=\"_blank\" title=\"河北师范大学考研资料\"><font color=\"#ff0000\">河北师范大学2026考研专业课复习资料「真题&#x25aa;笔记&#x25aa;讲义&#x25aa;题库」</font></a></li>\n </ul>\n</div>\n<div class=\"hr20\"></div>\n<div>\n <a target=\"_blank\" rel=\"nofollow\" href=\"https://mp.weixin.qq.com/s/S3jtisbmi-ZA0YDLDZKJCg\"><img src=\"https://download.chinakaoyan.com/wwwfile/2025/ke/20250808171711.png\"></a>\n</div>\n<div class=\"cont\" style=\"margin-top:-5px;margin-bottom:5px;\">\n 　\n <p>从河北师范大学研究生院获悉，河北师范大学2026年硕士研究生招生加试科目已发布，详见附件。</p>\n <p>附件：<a rel=\"nofollow\" target=\"_blank\" href=\"https://yjsy.hebtu.edu.cn/dynamic/download.jsp?id=857b30eca8154b19a25128c343ce8874\"><font color=\"#008080\">河北师范大学2026年硕士研究生招生加试科目</font></a></p>\n</div>', 'fushixize', NULL, 0, 1, '2025-12-12 15:07:40', NULL, 0, '河北师范大学', '不限', 0);
INSERT INTO `yl_guide` VALUES (63, '河北师范大学2026年硕士研究生招生复试科目', '<h1>河北师范大学2026年硕士研究生招生复试科目</h1>\n<div class=\"time\" style=\"margin-top:5px;margin-bottom:10px;\">\n <a href=\"/info/list/ClassID/23.shtml\" target=\"_blank\" title=\"更多考研复试相关内容列表\">考研复试</a> 来源：河北师范大学研究生院 2025-10-24　 相关院校：<a href=\"/graduate/grad/schoolID/532.shtml\" title=\"河北师范大学研究生院\" target=\"_blank\"><b>河北师范大学</b></a>\n</div>\n<div style=\"margin-top:10px;margin-bottom:0px;\">\n <div class=\"_4ezfie18m8i\"></div>\n</div>\n<div class=\"cont\" style=\"margin-top:5px;\">\n <ul>\n  <li><a rel=\"nofollow\" href=\"https://dl.koolearn.com/sXmT92X\" target=\"_blank\"><font color=\"#ff0000\">2026考研英语全程班 6班 </font></a></li>\n  <li><a rel=\"nofollow\" href=\"https://tgc.orangevip.com/releasehtml/index756.html?jt_site_id=32431&amp;source=0\" target=\"_blank\"><font color=\"#ff0000\">26考研全科上岸规划营「择校&#x25aa;规划&#x25aa;备考」</font></a></li>\n  <li><a href=\"/note/SchoolShow/id/532.shtml\" target=\"_blank\" title=\"河北师范大学考研资料\"><font color=\"#ff0000\">河北师范大学2026考研专业课复习资料「真题&#x25aa;笔记&#x25aa;讲义&#x25aa;题库」</font></a></li>\n </ul>\n</div>\n<div class=\"hr20\"></div>\n<div>\n <a target=\"_blank\" rel=\"nofollow\" href=\"https://mp.weixin.qq.com/s/S3jtisbmi-ZA0YDLDZKJCg\"><img src=\"https://download.chinakaoyan.com/wwwfile/2025/ke/20250808171711.png\"></a>\n</div>\n<div class=\"cont\" style=\"margin-top:-5px;margin-bottom:5px;\">\n 　\n <p>从河北师范大学研究生院获悉，河北师范大学2026年硕士研究生招生复试科目已发布，详见附件。</p>\n <p>附件：<a rel=\"nofollow\" target=\"_blank\" href=\"https://yjsy.hebtu.edu.cn/dynamic/download.jsp?id=56d7c96afbc8448ca22a361cb929e67f\"><font color=\"#008080\">河北师范大学2026年硕士研究生招生复试科目</font></a></p>\n</div>', 'fushixize', NULL, 0, 1, '2025-12-12 15:07:41', NULL, 0, '河北师范大学', '不限', 0);
INSERT INTO `yl_guide` VALUES (64, '河北科技大学2026年硕士研究生考试复试加试科目目录', '<h1>河北科技大学2026年硕士研究生考试复试加试科目目录</h1>\n<div class=\"time\" style=\"margin-top:5px;margin-bottom:10px;\">\n <a href=\"/info/list/ClassID/23.shtml\" target=\"_blank\" title=\"更多考研复试相关内容列表\">考研复试</a> 来源：河北科技大学研究生院 2025-10-23　 相关院校：<a href=\"/graduate/grad/schoolID/526.shtml\" title=\"河北科技大学研究生院\" target=\"_blank\"><b>河北科技大学</b></a>\n</div>\n<div style=\"margin-top:10px;margin-bottom:0px;\">\n <div class=\"_4ezfie18m8i\"></div>\n</div>\n<div class=\"cont\" style=\"margin-top:5px;\">\n <ul>\n  <li><a rel=\"nofollow\" href=\"https://dl.koolearn.com/sXmT92X\" target=\"_blank\"><font color=\"#ff0000\">2026考研英语全程班 6班 </font></a></li>\n  <li><a rel=\"nofollow\" href=\"https://tgc.orangevip.com/releasehtml/index756.html?jt_site_id=32431&amp;source=0\" target=\"_blank\"><font color=\"#ff0000\">26考研全科上岸规划营「择校&#x25aa;规划&#x25aa;备考」</font></a></li>\n  <li><a href=\"/note/SchoolShow/id/526.shtml\" target=\"_blank\" title=\"河北科技大学考研资料\"><font color=\"#ff0000\">河北科技大学2026考研专业课复习资料「真题&#x25aa;笔记&#x25aa;讲义&#x25aa;题库」</font></a></li>\n </ul>\n</div>\n<div class=\"hr20\"></div>\n<div>\n <a target=\"_blank\" rel=\"nofollow\" href=\"https://mp.weixin.qq.com/s/S3jtisbmi-ZA0YDLDZKJCg\"><img src=\"https://download.chinakaoyan.com/wwwfile/2025/ke/20250808171711.png\"></a>\n</div>\n<div class=\"cont\" style=\"margin-top:-5px;margin-bottom:5px;\">\n 　\n <p>根据教育部《2026年硕士研究生招生工作管理规定》的要求，以同等学力身份报考并参加复试的考生，在复试中须加试至少两门与报考专业相关的本科主干课程。</p>\n <p>我校所有同等学力考生初试合格后，复试时需另加试两门本学科主干课程，加试方式为笔试，满分100分，考试时长2小时。加试科目和初试科目不同，具体加试科目见下表。</p>\n <p></p>\n <table border=\"1\" width=\"98%\">\n  <tbody>\n   <tr>\n    <td>\n     <div>\n      学院代码\n     </div></td>\n    <td>\n     <div>\n      学院名称\n     </div></td>\n    <td>\n     <div>\n      专业\n     </div>\n     <div>\n      代码\n     </div></td>\n    <td>\n     <div>\n      专业名称\n     </div></td>\n    <td>\n     <div>\n      科目1\n     </div>\n     <div>\n      代码\n     </div></td>\n    <td>\n     <div>\n      科目1名称\n     </div></td>\n    <td>\n     <div>\n      科目2\n     </div>\n     <div>\n      代码\n     </div></td>\n    <td>\n     <div>\n      科目2名称\n     </div></td>\n   </tr>\n   <tr>\n    <td>\n     <div>\n      001\n     </div></td>\n    <td>\n     <div>\n      材料科学与工程学院\n     </div></td>\n    <td colspan=\"2\">\n     <div>\n      该学院所有学科专业同等学力考生复试加试科目相同\n     </div></td>\n    <td>\n     <div>\n      J00101\n     </div></td>\n    <td>\n     <div>\n      材料性能学\n     </div></td>\n    <td>\n     <div>\n      J00102\n     </div></td>\n    <td>\n     <div>\n      金属工艺学\n     </div></td>\n   </tr>\n   <tr>\n    <td rowspan=\"5\">\n     <div>\n      002\n     </div></td>\n    <td rowspan=\"5\">\n     <div>\n      电气工程学院\n     </div></td>\n    <td>\n     <div>\n      080800\n     </div></td>\n    <td>\n     <div>\n      电气工程\n     </div></td>\n    <td rowspan=\"4\">\n     <div>\n      J00201\n     </div></td>\n    <td rowspan=\"4\">\n     <div>\n      电气控制与PLC\n     </div></td>\n    <td rowspan=\"2\">\n     <div>\n      J00202\n     </div></td>\n    <td rowspan=\"2\">\n     <div>\n      电力工程\n     </div></td>\n   </tr>\n   <tr>\n    <td>\n     <div>\n      085801\n     </div></td>\n    <td>\n     <div>\n      电气工程\n     </div></td>\n   </tr>\n   <tr>\n    <td>\n     <div>\n      081100\n     </div></td>\n    <td>\n     <div>\n      控制科学与工程\n     </div></td>\n    <td rowspan=\"2\">\n     <div>\n      J00203\n     </div></td>\n    <td rowspan=\"2\">\n     <div>\n      检测技术及仪表\n     </div></td>\n   </tr>\n   <tr>\n    <td>\n     <div>\n      085400\n     </div></td>\n    <td>\n     <div>\n      电子信息\n     </div></td>\n   </tr>\n   <tr>\n    <td>\n     <div>\n      140500\n     </div></td>\n    <td>\n     <div>\n      智能科学与技术\n     </div></td>\n    <td>\n     <div>\n      J00204\n     </div></td>\n    <td>\n     <div>\n      模式识别与机器学习\n     </div></td>\n    <td>\n     <div>\n      J00205\n     </div></td>\n    <td>\n     <div>\n      数据结构与算法\n     </div></td>\n   </tr>\n   <tr>\n    <td rowspan=\"6\">\n     <div>\n      003\n     </div></td>\n    <td rowspan=\"6\">\n     <div>\n      纺织服装学院\n     </div></td>\n    <td>\n     <div>\n      082100\n     </div></td>\n    <td>\n     <div>\n      纺织科学与工程（方向1,方向2）\n     </div></td>\n    <td rowspan=\"2\">\n     <div>\n      J00301\n     </div></td>\n    <td rowspan=\"2\">\n     <div>\n      现代纺纱技术\n     </div></td>\n    <td rowspan=\"2\">\n     <div>\n      J00302\n     </div></td>\n    <td rowspan=\"2\">\n     <div>\n      现代织造技术\n     </div></td>\n   </tr>\n   <tr>\n    <td>\n     <div>\n      085600\n     </div></td>\n    <td>\n     <div>\n      材料与化工（方向1）\n     </div></td>\n   </tr>\n   <tr>\n    <td>\n     <div>\n      082100\n     </div></td>\n    <td>\n     <div>\n      纺织科学与工程(方向3)\n     </div></td>\n    <td rowspan=\"2\">\n     <div>\n      J00303\n     </div></td>\n    <td rowspan=\"2\">\n     <div>\n      纺织品功能整理\n     </div></td>\n    <td rowspan=\"2\">\n     <div>\n      J00304\n     </div></td>\n    <td rowspan=\"2\">\n     <div>\n      染整设备\n     </div></td>\n   </tr>\n   <tr>\n    <td>\n     <div>\n      085600\n     </div></td>\n    <td>\n     <div>\n      材料与化工（方向2）\n     </div></td>\n   </tr>\n   <tr>\n    <td>\n     <div>\n      082100\n     </div></td>\n    <td>\n     <div>\n      纺织科学与工程(方向4)\n     </div></td>\n    <td rowspan=\"2\">\n     <div>\n      J00305\n     </div></td>\n    <td rowspan=\"2\">\n     <div>\n      服装生产工艺及管理\n     </div></td>\n    <td rowspan=\"2\">\n     <div>\n      J00306\n     </div></td>\n    <td rowspan=\"2\">\n     <div>\n      服装市场营销学\n     </div></td>\n   </tr>\n   <tr>\n    <td>\n     <div>\n      085600\n     </div></td>\n    <td>\n     <div>\n      材料与化工（方向3）\n     </div></td>\n   </tr>\n   <tr>\n    <td rowspan=\"5\">\n     <div>\n      005\n     </div></td>\n    <td rowspan=\"5\">\n     <div>\n      化学与制药工程学院\n     </div></td>\n    <td>\n     <div>\n      081700\n     </div></td>\n    <td>\n     <div>\n      化学工程与技术\n     </div></td>\n    <td rowspan=\"2\">\n     <div>\n      J00501\n     </div></td>\n    <td rowspan=\"2\">\n     <div>\n      化工工艺学\n     </div></td>\n    <td rowspan=\"2\">\n     <div>\n      J00502\n     </div></td>\n    <td rowspan=\"2\">\n     <div>\n      工业催化\n     </div></td>\n   </tr>\n   <tr>\n    <td>\n     <div>\n      085600\n     </div></td>\n    <td>\n     <div>\n      材料与化工\n     </div></td>\n   </tr>\n   <tr>\n    <td>\n     <div>\n      086000\n     </div></td>\n    <td>\n     <div>\n      生物与医药\n     </div></td>\n    <td>\n     <div>\n      J00503\n     </div></td>\n    <td>\n     <div>\n      药物合成反应\n     </div></td>\n    <td>\n     <div>\n      J00504\n     </div></td>\n    <td>\n     <div>\n      生物技术制药概论\n     </div></td>\n   </tr>\n   <tr>\n    <td>\n     <div>\n      100700\n     </div></td>\n    <td>\n     <div>\n      药学\n     </div></td>\n    <td rowspan=\"2\">\n     <div>\n      J00505\n     </div></td>\n    <td rowspan=\"2\">\n     <div>\n      生物化学\n     </div></td>\n    <td rowspan=\"2\">\n     <div>\n      J00506\n     </div></td>\n    <td rowspan=\"2\">\n     <div>\n      药理学\n     </div></td>\n   </tr>\n   <tr>\n    <td>\n     <div>\n      105500\n     </div></td>\n    <td>\n     <div>\n      药学\n     </div></td>\n   </tr>\n   <tr>\n    <td rowspan=\"3\">\n     <div>\n      006\n     </div></td>\n    <td rowspan=\"3\">\n     <div>\n      环境科学与工程学院\n     </div></td>\n    <td>\n     <div>\n      083000\n     </div></td>\n    <td>\n     <div>\n      环境科学与工程\n     </div></td>\n    <td rowspan=\"2\">\n     <div>\n      J00601\n     </div></td>\n    <td rowspan=\"2\">\n     <div>\n      环境工程微生物学\n     </div></td>\n    <td rowspan=\"2\">\n     <div>\n      J00602\n     </div></td>\n    <td rowspan=\"2\">\n     <div>\n      环境影响评价\n     </div></td>\n   </tr>\n   <tr>\n    <td>\n     <div>\n      085701\n     </div></td>\n    <td>\n     <div>\n      环境工程\n     </div></td>\n   </tr>\n   <tr>\n    <td>\n     <div>\n      085702\n     </div></td>\n    <td>\n     <div>\n      安全工程\n     </div></td>\n    <td>\n     <div>\n      J00603\n     </div></td>\n    <td>\n     <div>\n      安全人机工程学\n     </div></td>\n    <td>\n     <div>\n      J00604\n     </div></td>\n    <td>\n     <div>\n      化工安全\n     </div></td>\n   </tr>\n   <tr>\n    <td rowspan=\"5\">\n     <div>\n      007\n     </div></td>\n    <td rowspan=\"5\">\n     <div>\n      机械工程学院\n     </div></td>\n    <td>\n     <div>\n      080200\n     </div></td>\n    <td>\n     <div>\n      机械工程\n     </div></td>\n    <td rowspan=\"3\">\n     <div>\n      J00701\n     </div></td>\n    <td rowspan=\"3\">\n     <div>\n      机械制造工程学\n     </div></td>\n    <td rowspan=\"3\">\n     <div>\n      J00702\n     </div></td>\n    <td rowspan=\"3\">\n     <div>\n      液压与气动技术\n     </div></td>\n   </tr>\n   <tr>\n    <td>\n     <div>\n      085500\n     </div></td>\n    <td>\n     <div>\n      机械\n     </div></td>\n   </tr>\n   <tr>\n    <td>\n     <div>\n      140500\n     </div></td>\n    <td>\n     <div>\n      智能科学与技术\n     </div></td>\n   </tr>\n   <tr>\n    <td>\n     <div>\n      080700\n     </div></td>\n    <td>\n     <div>\n      动力工程及工程热物理\n     </div></td>\n    <td rowspan=\"2\">\n     <div>\n      J00703\n     </div></td>\n    <td rowspan=\"2\">\n     <div>\n      传热学\n     </div></td>\n    <td rowspan=\"2\">\n     <div>\n      J00704\n     </div></td>\n    <td rowspan=\"2\">\n     <div>\n      流体力学\n     </div></td>\n   </tr>\n   <tr>\n    <td>\n     <div>\n      085802\n     </div></td>\n    <td>\n     <div>\n      动力工程\n     </div></td>\n   </tr>\n   <tr>\n    <td rowspan=\"4\">\n     <div>\n      008\n     </div></td>\n    <td rowspan=\"4\">\n     <div>\n      建筑工程学院\n     </div></td>\n    <td>\n     <div>\n      081400\n     </div></td>\n    <td>\n     <div>\n      土木工程（方向1）\n     </div></td>\n    <td rowspan=\"2\">\n     <div>\n      J00801\n     </div></td>\n    <td rowspan=\"2\">\n     <div>\n      土木工程材料\n     </div></td>\n    <td rowspan=\"2\">\n     <div>\n      J00802\n     </div></td>\n    <td rowspan=\"2\">\n     <div>\n      房屋建筑学\n     </div></td>\n   </tr>\n   <tr>\n    <td>\n     <div>\n      085900\n     </div></td>\n    <td>\n     <div>\n      土木水利（方向1）\n     </div></td>\n   </tr>\n   <tr>\n    <td>\n     <div>\n      081400\n     </div></td>\n    <td>\n     <div>\n      土木工程（方向2）\n     </div></td>\n    <td rowspan=\"2\">\n     <div>\n      J00803或J00805二选一\n     </div></td>\n    <td rowspan=\"2\">\n     <div>\n      工程热力学或水分析化学二选一\n     </div></td>\n    <td rowspan=\"2\">\n     <div>\n      J00804或J00806二选一\n     </div></td>\n    <td rowspan=\"2\">\n     <div>\n      传热学或水处理微生物学二选一\n     </div></td>\n   </tr>\n   <tr>\n    <td>\n     <div>\n      085900\n     </div></td>\n    <td>\n     <div>\n      土木水利（方向2）\n     </div></td>\n   </tr>\n   <tr>\n    <td rowspan=\"6\">\n     <div>\n      009\n     </div></td>\n    <td rowspan=\"6\">\n     <div>\n      经济管理学院\n     </div></td>\n    <td>\n     <div>\n      120100\n     </div></td>\n    <td>\n     <div>\n      管理科学与工程\n     </div></td>\n    <td rowspan=\"2\">\n     <div>\n      J00902\n     </div></td>\n    <td rowspan=\"2\">\n     <div>\n      经济学\n     </div></td>\n    <td rowspan=\"6\">\n     <div>\n      J00901\n     </div></td>\n    <td rowspan=\"6\">\n     <div>\n      管理学\n     </div></td>\n   </tr>\n   <tr>\n    <td>\n     <div>\n      120200\n     </div></td>\n    <td>\n     <div>\n      工商管理学\n     </div></td>\n   </tr>\n   <tr>\n    <td>\n     <div>\n      020200\n     </div></td>\n    <td>\n     <div>\n      应用经济学\n     </div></td>\n    <td>\n     <div>\n      J00906\n     </div></td>\n    <td>\n     <div>\n      政治经济学\n     </div></td>\n   </tr>\n   <tr>\n    <td>\n     <div>\n      125100\n     </div></td>\n    <td>\n     <div>\n      工商管理\n     </div></td>\n    <td>\n     <div>\n      J00903\n     </div></td>\n    <td>\n     <div>\n      市场营销学\n     </div></td>\n   </tr>\n   <tr>\n    <td>\n     <div>\n      125600\n     </div></td>\n    <td>\n     <div>\n      工程管理\n     </div></td>\n    <td>\n     <div>\n      J00904\n     </div></td>\n    <td>\n     <div>\n      运营管理\n     </div></td>\n   </tr>\n   <tr>\n    <td>\n     <div>\n      125200\n     </div></td>\n    <td>\n     <div>\n      公共管理\n     </div></td>\n    <td>\n     <div>\n      J00905\n     </div></td>\n    <td>\n     <div>\n      公共政策导论\n     </div></td>\n   </tr>\n   <tr>\n    <td rowspan=\"4\">\n     <div>\n      010\n     </div></td>\n    <td rowspan=\"4\">\n     <div>\n      理学院\n     </div></td>\n    <td>\n     <div>\n      070200\n     </div></td>\n    <td>\n     <div>\n      物理学\n     </div></td>\n    <td>\n     <div>\n      J01001\n     </div></td>\n    <td>\n     <div>\n      光学\n     </div></td>\n    <td>\n     <div>\n      J01002\n     </div></td>\n    <td>\n     <div>\n      热学\n     </div></td>\n   </tr>\n   <tr>\n    <td>\n     <div>\n      070100\n     </div></td>\n    <td>\n     <div>\n      数学\n     </div></td>\n    <td>\n     <div>\n      J01003\n     </div></td>\n    <td>\n     <div>\n      数值分析\n     </div></td>\n    <td>\n     <div>\n      J01004\n     </div></td>\n    <td>\n     <div>\n      复变函数\n     </div></td>\n   </tr>\n   <tr>\n    <td>\n     <div>\n      070300\n     </div></td>\n    <td>\n     <div>\n      化学\n     </div></td>\n    <td rowspan=\"2\">\n     <div>\n      J01005\n     </div></td>\n    <td rowspan=\"2\">\n     <div>\n      无机化学\n     </div></td>\n    <td rowspan=\"2\">\n     <div>\n      J01006\n     </div></td>\n    <td rowspan=\"2\">\n     <div>\n      仪器分析\n     </div></td>\n   </tr>\n   <tr>\n    <td>\n     <div>\n      08560\n     </div></td>\n    <td>\n     <div>\n      材料与化工\n     </div></td>\n   </tr>\n   <tr>\n    <td rowspan=\"6\">\n     <div>\n      011\n     </div></td>\n    <td rowspan=\"6\">\n     <div>\n      食品与生物学院\n     </div></td>\n    <td>\n     <div>\n      071000\n     </div></td>\n    <td>\n     <div>\n      生物学\n     </div></td>\n    <td>\n     <div>\n      J01101\n     </div></td>\n    <td>\n     <div>\n      普通生物学\n     </div></td>\n    <td>\n     <div>\n      J01102\n     </div></td>\n    <td>\n     <div>\n      遗传学\n     </div></td>\n   </tr>\n   <tr>\n    <td>\n     <div>\n      083200\n     </div></td>\n    <td>\n     <div>\n      食品科学与工程\n     </div></td>\n    <td rowspan=\"5\">\n     <div>\n      J01103\n     </div></td>\n    <td rowspan=\"5\">\n     <div>\n      生物分离原理与技术\n     </div></td>\n    <td rowspan=\"5\">\n     <div>\n      J01104\n     </div></td>\n    <td rowspan=\"5\">\n     <div>\n      仪器分析\n     </div></td>\n   </tr>\n   <tr>\n    <td>\n     <div>\n      083600\n     </div></td>\n    <td>\n     <div>\n      生物工程\n     </div></td>\n   </tr>\n   <tr>\n    <td>\n     <div>\n      086000\n     </div></td>\n    <td>\n     <div>\n      生物与医药\n     </div></td>\n   </tr>\n   <tr>\n    <td>\n     <div>\n      086001\n     </div></td>\n    <td>\n     <div>\n      生物技术与工程\n     </div></td>\n   </tr>\n   <tr>\n    <td>\n     <div>\n      086003\n     </div></td>\n    <td>\n     <div>\n      食品工程\n     </div></td>\n   </tr>\n   <tr>\n    <td rowspan=\"2\">\n     <div>\n      012\n     </div></td>\n    <td rowspan=\"2\">\n     <div>\n      外国语学院\n     </div></td>\n    <td>\n     <div>\n      050200\n     </div></td>\n    <td>\n     <div>\n      外国语言文学\n     </div></td>\n    <td rowspan=\"2\">\n     <div>\n      J01203\n     </div></td>\n    <td rowspan=\"2\">\n     <div>\n      英汉汉英翻译技巧\n     </div></td>\n    <td rowspan=\"2\">\n     <div>\n      J01204\n     </div></td>\n    <td rowspan=\"2\">\n     <div>\n      英文写作\n     </div></td>\n   </tr>\n   <tr>\n    <td>\n     <div>\n      055100\n     </div></td>\n    <td>\n     <div>\n      翻译\n     </div></td>\n   </tr>\n   <tr>\n    <td rowspan=\"4\">\n     <div>\n      013\n     </div></td>\n    <td rowspan=\"4\">\n     <div>\n      文法学院\n     </div></td>\n    <td>\n     <div>\n      030300\n     </div></td>\n    <td>\n     <div>\n      社会学\n     </div></td>\n    <td>\n     <div>\n      J01301\n     </div></td>\n    <td>\n     <div>\n      社会统计学\n     </div></td>\n    <td>\n     <div>\n      J01302\n     </div></td>\n    <td>\n     <div>\n      社会学理论\n     </div></td>\n   </tr>\n   <tr>\n    <td>\n     <div>\n      035200\n     </div></td>\n    <td>\n     <div>\n      社会工作\n     </div></td>\n    <td>\n     <div>\n      J01303\n     </div></td>\n    <td>\n     <div>\n      社会政策\n     </div></td>\n    <td>\n     <div>\n      J01304\n     </div></td>\n    <td>\n     <div>\n      社会心理学\n     </div></td>\n   </tr>\n   <tr>\n    <td>\n     <div>\n      035101\n     </div></td>\n    <td>\n     <div>\n      法律（非法学）\n     </div></td>\n    <td rowspan=\"2\">\n     <div>\n      J01305\n     </div></td>\n    <td rowspan=\"2\">\n     <div>\n      宪法\n     </div></td>\n    <td rowspan=\"2\">\n     <div>\n      J01306\n     </div></td>\n    <td rowspan=\"2\">\n     <div>\n      诉讼法\n     </div></td>\n   </tr>\n   <tr>\n    <td>\n     <div>\n      035102\n     </div></td>\n    <td>\n     <div>\n      法律（法学）\n     </div></td>\n   </tr>\n   <tr>\n    <td rowspan=\"6\">\n     <div>\n      014\n     </div></td>\n    <td rowspan=\"6\">\n     <div>\n      信息科学与工程学院\n     </div></td>\n    <td>\n     <div>\n      081000\n     </div></td>\n    <td>\n     <div>\n      信息与通信工程\n     </div></td>\n    <td rowspan=\"3\">\n     <div>\n      J01401\n     </div></td>\n    <td rowspan=\"3\">\n     <div>\n      数字信号处理\n     </div></td>\n    <td rowspan=\"3\">\n     <div>\n      J01402\n     </div></td>\n    <td rowspan=\"3\">\n     <div>\n      电路\n     </div></td>\n   </tr>\n   <tr>\n    <td>\n     <div>\n      085401\n     </div></td>\n    <td>\n     <div>\n      新一代电子信息技术（含量子技术等）\n     </div></td>\n   </tr>\n   <tr>\n    <td>\n     <div>\n      085402\n     </div></td>\n    <td>\n     <div>\n      通信工程（含宽带网络、移动通信等）\n     </div></td>\n   </tr>\n   <tr>\n    <td>\n     <div>\n      081200\n     </div></td>\n    <td>\n     <div>\n      计算机科学与技术\n     </div></td>\n    <td rowspan=\"3\">\n     <div>\n      J01403\n     </div></td>\n    <td rowspan=\"3\">\n     <div>\n      数据库原理及应用\n     </div></td>\n    <td rowspan=\"3\">\n     <div>\n      J01404\n     </div></td>\n    <td rowspan=\"3\">\n     <div>\n      软件工程\n     </div></td>\n   </tr>\n   <tr>\n    <td>\n     <div>\n      085404\n     </div></td>\n    <td>\n     <div>\n      计算机技术\n     </div></td>\n   </tr>\n   <tr>\n    <td>\n     <div>\n      140500\n     </div></td>\n    <td>\n     <div>\n      智能科学与技术\n     </div></td>\n   </tr>\n   <tr>\n    <td rowspan=\"12\">\n     <div>\n      015\n     </div></td>\n    <td rowspan=\"12\">\n     <div>\n      艺术学院\n     </div></td>\n    <td>\n     <div>\n      085507\n     </div></td>\n    <td>\n     <div>\n      工业设计工程(方向1)\n     </div></td>\n    <td rowspan=\"2\">\n     <div>\n      J01501\n     </div></td>\n    <td rowspan=\"2\">\n     <div>\n      公共设施设计\n     </div></td>\n    <td rowspan=\"2\">\n     <div>\n      J01502\n     </div></td>\n    <td rowspan=\"2\">\n     <div>\n      文创产品设计\n     </div></td>\n   </tr>\n   <tr>\n    <td>\n     <div>\n      135700\n     </div></td>\n    <td>\n     <div>\n      设计(方向1）\n     </div></td>\n   </tr>\n   <tr>\n    <td>\n     <div>\n      085507\n     </div></td>\n    <td>\n     <div>\n      工业设计工程(方向2)\n     </div></td>\n    <td rowspan=\"2\">\n     <div>\n      J01503\n     </div></td>\n    <td rowspan=\"2\">\n     <div>\n      商业空间设计\n     </div></td>\n    <td rowspan=\"2\">\n     <div>\n      J01504\n     </div></td>\n    <td rowspan=\"2\">\n     <div>\n      家居设计\n     </div></td>\n   </tr>\n   <tr>\n    <td>\n     <div>\n      135700\n     </div></td>\n    <td>\n     <div>\n      设计(方向2）\n     </div></td>\n   </tr>\n   <tr>\n    <td>\n     <div>\n      085507\n     </div></td>\n    <td>\n     <div>\n      工业设计工程(方向3)\n     </div></td>\n    <td rowspan=\"2\">\n     <div>\n      J01505\n     </div></td>\n    <td rowspan=\"2\">\n     <div>\n      字体设计\n     </div></td>\n    <td rowspan=\"2\">\n     <div>\n      J01506\n     </div></td>\n    <td rowspan=\"2\">\n     <div>\n      包装设计\n     </div></td>\n   </tr>\n   <tr>\n    <td>\n     <div>\n      135700\n     </div></td>\n    <td>\n     <div>\n      设计(方向3）\n     </div></td>\n   </tr>\n   <tr>\n    <td>\n     <div>\n      085507\n     </div></td>\n    <td>\n     <div>\n      工业设计工程(方向4)\n     </div></td>\n    <td rowspan=\"2\">\n     <div>\n      J01507\n     </div></td>\n    <td rowspan=\"2\">\n     <div>\n      服装设计基础\n     </div></td>\n    <td rowspan=\"2\">\n     <div>\n      J01508\n     </div></td>\n    <td rowspan=\"2\">\n     <div>\n      服装学概论\n     </div></td>\n   </tr>\n   <tr>\n    <td>\n     <div>\n      135700\n     </div></td>\n    <td>\n     <div>\n      设计(方向4）\n     </div></td>\n   </tr>\n   <tr>\n    <td>\n     <div>\n      130100\n     </div></td>\n    <td>\n     <div>\n      艺术学（方向1、2）\n     </div></td>\n    <td>\n     <div>\n      J01509\n     </div></td>\n    <td>\n     <div>\n      中国美术史\n     </div></td>\n    <td>\n     <div>\n      J01510\n     </div></td>\n    <td>\n     <div>\n      外国美术史\n     </div></td>\n   </tr>\n   <tr>\n    <td>\n     <div>\n      130100\n     </div></td>\n    <td>\n     <div>\n      艺术学（方向3）\n     </div></td>\n    <td>\n     <div>\n      J01511\n     </div></td>\n    <td>\n     <div>\n      视听语言\n     </div></td>\n    <td>\n     <div>\n      J01512\n     </div></td>\n    <td>\n     <div>\n      画面构图\n     </div></td>\n   </tr>\n   <tr>\n    <td>\n     <div>\n      140300\n     </div></td>\n    <td>\n     <div>\n      设计学\n     </div></td>\n    <td>\n     <div>\n      J01513\n     </div></td>\n    <td>\n     <div>\n      形态构成\n     </div></td>\n    <td>\n     <div>\n      J01514\n     </div></td>\n    <td>\n     <div>\n      中外设计史\n     </div></td>\n   </tr>\n   <tr>\n    <td>\n     <div>\n      135600\n     </div></td>\n    <td>\n     <div>\n      美术与书法\n     </div></td>\n    <td>\n     <div>\n      J01515\n     </div></td>\n    <td>\n     <div>\n      素描半身像\n     </div></td>\n    <td>\n     <div>\n      J01516\n     </div></td>\n    <td>\n     <div>\n      场景速写\n     </div></td>\n   </tr>\n   <tr>\n    <td>\n     <div>\n      016\n     </div></td>\n    <td>\n     <div>\n      影视学院\n     </div></td>\n    <td>\n     <div>\n      135400\n     </div></td>\n    <td>\n     <div>\n      戏剧与影视\n     </div></td>\n    <td>\n     <div>\n      J01601\n     </div></td>\n    <td>\n     <div>\n      视听语言\n     </div></td>\n    <td>\n     <div>\n      J01602\n     </div></td>\n    <td>\n     <div>\n      画面构图\n     </div></td>\n   </tr>\n   <tr>\n    <td>\n     <div>\n      017\n     </div></td>\n    <td>\n     <div>\n      马克思主义学院\n     </div></td>\n    <td>\n     <div>\n      030500\n     </div></td>\n    <td>\n     <div>\n      马克思主义理论\n     </div></td>\n    <td>\n     <div>\n      J01701\n     </div></td>\n    <td>\n     <div>\n      中共党史\n     </div></td>\n    <td>\n     <div>\n      J01702\n     </div></td>\n    <td>\n     <div>\n      马克思主义发展史\n     </div></td>\n   </tr>\n  </tbody>\n </table>\n <p></p>\n</div>', 'fushixize', NULL, 1, 1, '2025-12-12 15:07:41', NULL, 0, '河北科技大学', '不限', 0);

-- ----------------------------
-- Table structure for yl_home_config
-- ----------------------------
DROP TABLE IF EXISTS `yl_home_config`;
CREATE TABLE `yl_home_config`  (
  `id` bigint NOT NULL AUTO_INCREMENT,
  `type` varchar(20) CHARACTER SET utf8mb4 COLLATE utf8mb4_0900_ai_ci NOT NULL COMMENT 'CAROUSEL, NOTICE',
  `title` varchar(255) CHARACTER SET utf8mb4 COLLATE utf8mb4_0900_ai_ci NULL DEFAULT NULL,
  `img_url` varchar(255) CHARACTER SET utf8mb4 COLLATE utf8mb4_0900_ai_ci NULL DEFAULT NULL,
  `link_url` varchar(255) CHARACTER SET utf8mb4 COLLATE utf8mb4_0900_ai_ci NULL DEFAULT NULL,
  `sort_order` int NULL DEFAULT 0,
  `status` tinyint NULL DEFAULT 1,
  `create_time` datetime NULL DEFAULT CURRENT_TIMESTAMP,
  `update_time` datetime NULL DEFAULT CURRENT_TIMESTAMP ON UPDATE CURRENT_TIMESTAMP,
  `deleted` tinyint(1) NULL DEFAULT 0,
  PRIMARY KEY (`id`) USING BTREE
) ENGINE = InnoDB AUTO_INCREMENT = 1 CHARACTER SET = utf8mb4 COLLATE = utf8mb4_0900_ai_ci COMMENT = 'Home Config' ROW_FORMAT = Dynamic;

-- ----------------------------
-- Records of yl_home_config
-- ----------------------------

-- ----------------------------
-- Table structure for yl_material
-- ----------------------------
DROP TABLE IF EXISTS `yl_material`;
CREATE TABLE `yl_material`  (
  `id` bigint NOT NULL AUTO_INCREMENT,
  `name` varchar(255) CHARACTER SET utf8mb4 COLLATE utf8mb4_0900_ai_ci NOT NULL,
  `description` text CHARACTER SET utf8mb4 COLLATE utf8mb4_0900_ai_ci NULL,
  `price` decimal(10, 2) NOT NULL,
  `stock` int NULL DEFAULT 0,
  `category` varchar(50) CHARACTER SET utf8mb4 COLLATE utf8mb4_0900_ai_ci NULL DEFAULT NULL,
  `cover_img` varchar(255) CHARACTER SET utf8mb4 COLLATE utf8mb4_0900_ai_ci NULL DEFAULT NULL,
  `file_url` varchar(255) CHARACTER SET utf8mb4 COLLATE utf8mb4_0900_ai_ci NULL DEFAULT NULL COMMENT '文件路径',
  `specs` varchar(255) CHARACTER SET utf8mb4 COLLATE utf8mb4_0900_ai_ci NULL DEFAULT NULL COMMENT 'Specifications',
  `status` tinyint NULL DEFAULT 1 COMMENT '1: On Shelf, 0: Off Shelf',
  `create_time` datetime NULL DEFAULT CURRENT_TIMESTAMP,
  `update_time` datetime NULL DEFAULT CURRENT_TIMESTAMP ON UPDATE CURRENT_TIMESTAMP,
  `deleted` tinyint(1) NULL DEFAULT 0,
  `sales` int NULL DEFAULT 0 COMMENT '销量',
  PRIMARY KEY (`id`) USING BTREE
) ENGINE = InnoDB AUTO_INCREMENT = 7 CHARACTER SET = utf8mb4 COLLATE = utf8mb4_0900_ai_ci COMMENT = 'Study Materials' ROW_FORMAT = Dynamic;

-- ----------------------------
-- Records of yl_material
-- ----------------------------
INSERT INTO `yl_material` VALUES (1, '2024考研英语一真题解析', '包含近20年真题详细解析', 46.00, 100, '专业课', 'https://placeholder.co/200', 'http://example.com/file1.pdf', '电子版', 1, '2025-12-11 11:18:30', NULL, 1, 0);
INSERT INTO `yl_material` VALUES (2, '计算机网络考研复习笔记', '重点难点一网打尽', 30.00, 49, '专业课', 'https://placeholder.co/200', 'http://example.com/file2.pdf', '电子版', 1, '2025-12-11 11:18:30', '2025-12-11 11:18:30', 0, 1);
INSERT INTO `yl_material` VALUES (3, '考研政治核心考点', '肖秀荣核心考点精编', 25.50, 195, '公共课', 'https://placeholder.co/200', 'http://example.com/file3.pdf', '实体书', 1, '2025-12-11 11:18:30', '2025-12-11 11:18:30', 0, 5);
INSERT INTO `yl_material` VALUES (4, '数据结构1800题', '经典习题集，刷题必备', 50.00, 78, '专业课', 'https://placeholder.co/200', 'http://example.com/file4.pdf', 'PDF', 1, '2025-12-11 11:18:30', '2025-12-11 11:18:30', 0, 2);
INSERT INTO `yl_material` VALUES (5, '复试英语口语模板', '包含自我介绍、常见问答', 15.00, 998, '复试资料', 'https://placeholder.co/200', 'http://example.com/file5.pdf', '电子版', 1, '2025-12-11 11:18:30', '2025-12-11 11:18:30', 0, 2);
INSERT INTO `yl_material` VALUES (6, '1', '1', 1.00, 0, '公共课', '', NULL, NULL, 1, NULL, NULL, 0, 0);

-- ----------------------------
-- Table structure for yl_news
-- ----------------------------
DROP TABLE IF EXISTS `yl_news`;
CREATE TABLE `yl_news`  (
  `id` bigint NOT NULL AUTO_INCREMENT,
  `title` varchar(255) CHARACTER SET utf8mb4 COLLATE utf8mb4_0900_ai_ci NOT NULL,
  `content` longtext CHARACTER SET utf8mb4 COLLATE utf8mb4_0900_ai_ci NULL,
  `type` varchar(50) CHARACTER SET utf8mb4 COLLATE utf8mb4_0900_ai_ci NULL DEFAULT NULL COMMENT 'News Type',
  `cover_img` varchar(255) CHARACTER SET utf8mb4 COLLATE utf8mb4_0900_ai_ci NULL DEFAULT NULL,
  `view_count` int NULL DEFAULT 0,
  `status` tinyint NULL DEFAULT 1 COMMENT '1: Published, 0: Draft',
  `create_time` datetime NULL DEFAULT CURRENT_TIMESTAMP,
  `update_time` datetime NULL DEFAULT CURRENT_TIMESTAMP ON UPDATE CURRENT_TIMESTAMP,
  `deleted` tinyint(1) NULL DEFAULT 0,
  `comment_count` int NULL DEFAULT 0 COMMENT '评论数',
  PRIMARY KEY (`id`) USING BTREE
) ENGINE = InnoDB AUTO_INCREMENT = 7 CHARACTER SET = utf8mb4 COLLATE = utf8mb4_0900_ai_ci COMMENT = 'News/Info' ROW_FORMAT = Dynamic;

-- ----------------------------
-- Records of yl_news
-- ----------------------------
INSERT INTO `yl_news` VALUES (1, '2025年全国硕士研究生招生考试公告', '教育部发布2025年全国硕士研究生招生工作管理规定...', '考研动态', 'https://placeholder.co/300x200', 1038, 1, '2025-12-11 11:18:30', '2025-12-11 11:18:30', 0, 2);
INSERT INTO `yl_news` VALUES (2, '考研英语大纲变动解析', '今年考研英语大纲词汇量有所增加...', '考试大纲', 'https://placeholder.co/300x200', 513, 1, '2025-12-11 11:18:30', '2025-12-11 11:18:30', 0, 0);
INSERT INTO `yl_news` VALUES (3, 'XX大学2025年硕士研究生招生简章', '欢迎报考XX大学...', '招生简章', 'https://placeholder.co/300x200', 257, 1, '2025-12-11 11:18:30', '2025-12-11 11:18:30', 0, 0);
INSERT INTO `yl_news` VALUES (4, '复试流程及注意事项', '复试一般包括笔试和面试...', '考研动态', 'https://placeholder.co/300x200', 129, 1, '2025-12-11 11:18:30', '2025-12-11 11:18:30', 0, 0);
INSERT INTO `yl_news` VALUES (5, '考研数学冲刺阶段复习策略', '最后两个月数学应该这样复习...', '考研动态', 'https://placeholder.co/300x200', 65, 1, '2025-12-11 11:18:30', '2025-12-11 11:18:30', 0, 0);
INSERT INTO `yl_news` VALUES (6, '1', '1', '经验', NULL, 5, 1, NULL, NULL, 0, 1);

-- ----------------------------
-- Table structure for yl_order
-- ----------------------------
DROP TABLE IF EXISTS `yl_order`;
CREATE TABLE `yl_order`  (
  `id` bigint NOT NULL AUTO_INCREMENT,
  `order_no` varchar(64) CHARACTER SET utf8mb4 COLLATE utf8mb4_0900_ai_ci NULL DEFAULT NULL COMMENT '订单编号',
  `user_id` bigint NULL DEFAULT NULL COMMENT '用户ID',
  `total_amount` decimal(10, 2) NULL DEFAULT NULL COMMENT '总金额',
  `status` int NULL DEFAULT 0 COMMENT '状态: 0:待付款, 1:已付款, 2:已取消',
  `create_time` datetime NULL DEFAULT CURRENT_TIMESTAMP,
  `update_time` datetime NULL DEFAULT CURRENT_TIMESTAMP ON UPDATE CURRENT_TIMESTAMP,
  `deleted` tinyint(1) NULL DEFAULT 0,
  PRIMARY KEY (`id`) USING BTREE
) ENGINE = InnoDB AUTO_INCREMENT = 12 CHARACTER SET = utf8mb4 COLLATE = utf8mb4_0900_ai_ci COMMENT = '订单' ROW_FORMAT = Dynamic;

-- ----------------------------
-- Records of yl_order
-- ----------------------------
INSERT INTO `yl_order` VALUES (1, '202310010001', 2, 45.00, 2, '2025-12-11 11:18:30', '2025-12-11 11:18:30', 0);
INSERT INTO `yl_order` VALUES (2, '202310020002', 3, 120.00, 3, '2025-12-11 11:18:30', '2025-12-11 11:18:30', 0);
INSERT INTO `yl_order` VALUES (3, '202512111235561998975011362246656', 5, 45.00, 1, NULL, NULL, 0);
INSERT INTO `yl_order` VALUES (4, '202512111236081998975061215744000', 5, 0.00, 0, NULL, NULL, 0);
INSERT INTO `yl_order` VALUES (5, '202512111255581998980051632197632', 1, 30.00, 1, NULL, NULL, 0);
INSERT INTO `yl_order` VALUES (6, '202512111259101998980858951831552', 1, 46.00, 1, NULL, NULL, 0);
INSERT INTO `yl_order` VALUES (7, '202512111430261999003824959807488', 1, 25.50, 1, NULL, NULL, 0);
INSERT INTO `yl_order` VALUES (8, '202512111632251999034524433936384', 3, 30.00, 1, NULL, NULL, 0);
INSERT INTO `yl_order` VALUES (9, '202512111633171999034742252531712', 3, 127.50, 1, NULL, NULL, 0);
INSERT INTO `yl_order` VALUES (10, '202512111703181999042296634523648', 3, 30.00, 1, NULL, NULL, 0);
INSERT INTO `yl_order` VALUES (11, '202512111724091999047541469057024', 3, 100.00, 1, NULL, NULL, 0);

-- ----------------------------
-- Table structure for yl_order_item
-- ----------------------------
DROP TABLE IF EXISTS `yl_order_item`;
CREATE TABLE `yl_order_item`  (
  `id` bigint NOT NULL AUTO_INCREMENT,
  `order_id` bigint NULL DEFAULT NULL COMMENT '订单ID',
  `material_id` bigint NULL DEFAULT NULL COMMENT '资料ID',
  `material_name` varchar(255) CHARACTER SET utf8mb4 COLLATE utf8mb4_0900_ai_ci NULL DEFAULT NULL COMMENT '资料名称',
  `price` decimal(10, 2) NULL DEFAULT NULL COMMENT '价格',
  `quantity` int NULL DEFAULT NULL COMMENT '数量',
  `create_time` datetime NULL DEFAULT CURRENT_TIMESTAMP,
  `update_time` datetime NULL DEFAULT CURRENT_TIMESTAMP ON UPDATE CURRENT_TIMESTAMP,
  `deleted` tinyint(1) NULL DEFAULT 0,
  PRIMARY KEY (`id`) USING BTREE
) ENGINE = InnoDB AUTO_INCREMENT = 12 CHARACTER SET = utf8mb4 COLLATE = utf8mb4_0900_ai_ci COMMENT = '订单项' ROW_FORMAT = Dynamic;

-- ----------------------------
-- Records of yl_order_item
-- ----------------------------
INSERT INTO `yl_order_item` VALUES (1, 1, 1, '2024考研英语一真题解析', 45.00, 1, '2025-12-11 11:18:30', '2025-12-11 11:18:30', 0);
INSERT INTO `yl_order_item` VALUES (2, 2, 2, '计算机网络考研复习笔记', 30.00, 1, '2025-12-11 11:18:30', '2025-12-11 11:18:30', 0);
INSERT INTO `yl_order_item` VALUES (3, 2, 4, '数据结构1800题', 90.00, 1, '2025-12-11 11:18:30', '2025-12-11 11:18:30', 0);
INSERT INTO `yl_order_item` VALUES (4, 3, 1, '2024考研英语一真题解析', 45.00, 1, '2025-12-11 12:35:56', '2025-12-11 12:35:56', 0);
INSERT INTO `yl_order_item` VALUES (5, 5, 2, '计算机网络考研复习笔记', 30.00, 1, '2025-12-11 12:55:58', '2025-12-11 12:55:58', 0);
INSERT INTO `yl_order_item` VALUES (6, 6, 1, '2024考研英语一真题解析', 46.00, 1, '2025-12-11 12:59:10', '2025-12-11 12:59:10', 0);
INSERT INTO `yl_order_item` VALUES (7, 7, 3, '考研政治核心考点', 25.50, 1, '2025-12-11 14:30:26', '2025-12-11 14:30:26', 0);
INSERT INTO `yl_order_item` VALUES (8, 8, 2, '计算机网络考研复习笔记', 30.00, 1, '2025-12-11 16:32:25', '2025-12-11 16:32:25', 0);
INSERT INTO `yl_order_item` VALUES (9, 9, 3, '考研政治核心考点', 25.50, 5, '2025-12-11 16:33:17', '2025-12-11 16:33:17', 0);
INSERT INTO `yl_order_item` VALUES (10, 10, 5, '复试英语口语模板', 15.00, 2, '2025-12-11 17:03:18', '2025-12-11 17:03:18', 0);
INSERT INTO `yl_order_item` VALUES (11, 11, 4, '数据结构1800题', 50.00, 2, '2025-12-11 17:24:09', '2025-12-11 17:24:09', 0);

-- ----------------------------
-- Table structure for yl_post
-- ----------------------------
DROP TABLE IF EXISTS `yl_post`;
CREATE TABLE `yl_post`  (
  `id` bigint NOT NULL AUTO_INCREMENT,
  `title` varchar(255) CHARACTER SET utf8mb4 COLLATE utf8mb4_0900_ai_ci NULL DEFAULT NULL COMMENT '标题',
  `content` longtext CHARACTER SET utf8mb4 COLLATE utf8mb4_0900_ai_ci NULL COMMENT '内容',
  `user_id` bigint NULL DEFAULT NULL COMMENT '作者ID',
  `nickname` varchar(64) CHARACTER SET utf8mb4 COLLATE utf8mb4_0900_ai_ci NULL DEFAULT NULL COMMENT '作者昵称',
  `avatar` varchar(255) CHARACTER SET utf8mb4 COLLATE utf8mb4_0900_ai_ci NULL DEFAULT NULL COMMENT '作者头像',
  `view_count` int NULL DEFAULT 0 COMMENT '浏览量',
  `like_count` int NULL DEFAULT 0 COMMENT '点赞数',
  `comment_count` int NULL DEFAULT 0 COMMENT '评论数',
  `category` int NULL DEFAULT NULL COMMENT '板块分类: 1:公共课, 2:专业课, 3:复试经验, 4:其他',
  `status` int NULL DEFAULT 1 COMMENT '状态: 0:待审核, 1:正常(已审核), 2:拒绝',
  `is_top` int NULL DEFAULT 0 COMMENT '是否置顶: 0:否, 1:是',
  `create_time` datetime NULL DEFAULT CURRENT_TIMESTAMP,
  `update_time` datetime NULL DEFAULT CURRENT_TIMESTAMP ON UPDATE CURRENT_TIMESTAMP,
  `deleted` tinyint(1) NULL DEFAULT 0,
  PRIMARY KEY (`id`) USING BTREE
) ENGINE = InnoDB AUTO_INCREMENT = 6 CHARACTER SET = utf8mb4 COLLATE = utf8mb4_0900_ai_ci COMMENT = '论坛帖子' ROW_FORMAT = Dynamic;

-- ----------------------------
-- Records of yl_post
-- ----------------------------
INSERT INTO `yl_post` VALUES (1, '求问英语一和英语二的区别', '我是考专硕的，不知道该准备英语一还是英语二...', 2, '考研小白', 'https://placeholder.co/100', 104, 10, 4, 1, 1, 1, '2025-12-11 11:18:30', NULL, 1);
INSERT INTO `yl_post` VALUES (2, '计算机专硕复试经验分享', '刚刚上岸，分享一下我的复试准备过程...', 3, '学霸张三', 'https://placeholder.co/100', 506, 50, 4, 3, 1, 1, '2025-12-11 11:18:30', '2025-12-11 11:18:30', 0);
INSERT INTO `yl_post` VALUES (3, '有没有一起考北大的研友？', '本人二战北大，想找个研友一起监督...', 2, '考研小白', 'https://placeholder.co/100', 80, 5, 1, 4, 1, 0, '2025-12-11 11:18:30', '2025-12-11 11:18:30', 0);
INSERT INTO `yl_post` VALUES (4, '专业课数据结构太难了怎么办', '看不懂KMP算法，求大神指点...', 2, '考研小白', 'https://placeholder.co/100', 61, 2, 2, 2, 1, 0, '2025-12-11 11:18:30', '2025-12-11 11:18:30', 0);
INSERT INTO `yl_post` VALUES (5, '11', '1', 5, 'Twritetime', NULL, 0, 0, 0, 1, 1, 0, NULL, NULL, 0);

SET FOREIGN_KEY_CHECKS = 1;
